model,model_type,task,task_category,score
Alibaba-NLP__gte-Qwen2-1.5B-instruct,embedding,LLMAILAStatutes,Retrieval,0.053
Alibaba-NLP__gte-Qwen2-1.5B-instruct,embedding,LLMAmazonCounterfactualClassification,Classification,0.816418
Alibaba-NLP__gte-Qwen2-1.5B-instruct,embedding,LLMArxivClusteringP2P,Clustering,0.58465
Alibaba-NLP__gte-Qwen2-1.5B-instruct,embedding,LLMArxivClusteringS2S,Clustering,0.574921
Alibaba-NLP__gte-Qwen2-1.5B-instruct,embedding,LLMBIOSSES,STS,0.81438
Alibaba-NLP__gte-Qwen2-1.5B-instruct,embedding,LLMBanking77Classification,Classification,0.796847
Alibaba-NLP__gte-Qwen2-1.5B-instruct,embedding,LLMBiorxivClusteringP2PV2,Clustering,0.62088
Alibaba-NLP__gte-Qwen2-1.5B-instruct,embedding,LLMFQuADRetrieval,Retrieval,0.58
Alibaba-NLP__gte-Qwen2-1.5B-instruct,embedding,LLMHC3FinanceRetrieval,Retrieval,0.44
Alibaba-NLP__gte-Qwen2-1.5B-instruct,embedding,LLMImdbClassification,Classification,0.9576
Alibaba-NLP__gte-Qwen2-1.5B-instruct,embedding,LLMLegalBenchConsumerContractsQA,Retrieval,0.59
Alibaba-NLP__gte-Qwen2-1.5B-instruct,embedding,LLMLegalBenchPC,PairClassification,0.73
Alibaba-NLP__gte-Qwen2-1.5B-instruct,embedding,LLMMTOPDomainClassification,Classification,0.952625
Alibaba-NLP__gte-Qwen2-1.5B-instruct,embedding,LLMMassiveIntentClassification,Classification,0.7793
Alibaba-NLP__gte-Qwen2-1.5B-instruct,embedding,LLMMassiveScenarioClassification,Classification,0.797625
Alibaba-NLP__gte-Qwen2-1.5B-instruct,embedding,LLMMedrxivClusteringP2PV2,Clustering,0.531826
Alibaba-NLP__gte-Qwen2-1.5B-instruct,embedding,LLMMedrxivClusteringS2SV2,Clustering,0.523067
Alibaba-NLP__gte-Qwen2-1.5B-instruct,embedding,LLMPublicHealthQA,Retrieval,0.76
Alibaba-NLP__gte-Qwen2-1.5B-instruct,embedding,LLMRTE3PC,PairClassification,0.848233
Alibaba-NLP__gte-Qwen2-1.5B-instruct,embedding,LLMRedditClusteringP2P,Clustering,0.711394
Alibaba-NLP__gte-Qwen2-1.5B-instruct,embedding,LLMSICKR,STS,0.806536
Alibaba-NLP__gte-Qwen2-1.5B-instruct,embedding,LLMSTS12,STS,0.729067
Alibaba-NLP__gte-Qwen2-1.5B-instruct,embedding,LLMSTS13,STS,0.844342
Alibaba-NLP__gte-Qwen2-1.5B-instruct,embedding,LLMSTS14,STS,0.816719
Alibaba-NLP__gte-Qwen2-1.5B-instruct,embedding,LLMSTS15,STS,0.886658
Alibaba-NLP__gte-Qwen2-1.5B-instruct,embedding,LLMSTS16,STS,0.846009
Alibaba-NLP__gte-Qwen2-1.5B-instruct,embedding,LLMSTS17,STS,0.861292
Alibaba-NLP__gte-Qwen2-1.5B-instruct,embedding,LLMSTS22v2,STS,0.56621
Alibaba-NLP__gte-Qwen2-1.5B-instruct,embedding,LLMSTSBenchmark,STS,0.85603
Alibaba-NLP__gte-Qwen2-1.5B-instruct,embedding,LLMSprintDuplicateQuestionsPC,PairClassification,0.994
Alibaba-NLP__gte-Qwen2-1.5B-instruct,embedding,LLMStackExchangeClusteringP2PV2,Clustering,0.5229
Alibaba-NLP__gte-Qwen2-1.5B-instruct,embedding,LLMStackExchangeClusteringV2,Clustering,0.735901
Alibaba-NLP__gte-Qwen2-1.5B-instruct,embedding,LLMToxicConversationsClassification,Classification,0.8492
Alibaba-NLP__gte-Qwen2-1.5B-instruct,embedding,LLMTweetSentimentExtractionClassification,Classification,0.7128
Alibaba-NLP__gte-Qwen2-1.5B-instruct,embedding,LLMTwentyNewsgroupsClusteringV2,Clustering,0.590654
Alibaba-NLP__gte-Qwen2-1.5B-instruct,embedding,LLMTwitterHjerneRetrieval,Retrieval,0.2119
Alibaba-NLP__gte-Qwen2-1.5B-instruct,embedding,LLMTwitterURLCorpusPC,PairClassification,0.892
Alibaba-NLP__gte-Qwen2-7B-instruct,embedding,LLMAILAStatutes,Retrieval,0.09067
Alibaba-NLP__gte-Qwen2-7B-instruct,embedding,LLMAmazonCounterfactualClassification,Classification,0.867761
Alibaba-NLP__gte-Qwen2-7B-instruct,embedding,LLMArxivClusteringP2P,Clustering,0.641124
Alibaba-NLP__gte-Qwen2-7B-instruct,embedding,LLMArxivClusteringS2S,Clustering,0.614712
Alibaba-NLP__gte-Qwen2-7B-instruct,embedding,LLMBIOSSES,STS,0.830386
Alibaba-NLP__gte-Qwen2-7B-instruct,embedding,LLMBanking77Classification,Classification,0.848602
Alibaba-NLP__gte-Qwen2-7B-instruct,embedding,LLMBiorxivClusteringP2PV2,Clustering,0.666692
Alibaba-NLP__gte-Qwen2-7B-instruct,embedding,LLMFQuADRetrieval,Retrieval,0.64
Alibaba-NLP__gte-Qwen2-7B-instruct,embedding,LLMHC3FinanceRetrieval,Retrieval,0.51
Alibaba-NLP__gte-Qwen2-7B-instruct,embedding,LLMImdbClassification,Classification,0.9668
Alibaba-NLP__gte-Qwen2-7B-instruct,embedding,LLMLegalBenchConsumerContractsQA,Retrieval,0.55
Alibaba-NLP__gte-Qwen2-7B-instruct,embedding,LLMLegalBenchPC,PairClassification,0.712
Alibaba-NLP__gte-Qwen2-7B-instruct,embedding,LLMMTOPDomainClassification,Classification,0.980375
Alibaba-NLP__gte-Qwen2-7B-instruct,embedding,LLMMassiveIntentClassification,Classification,0.8367
Alibaba-NLP__gte-Qwen2-7B-instruct,embedding,LLMMassiveScenarioClassification,Classification,0.8565
Alibaba-NLP__gte-Qwen2-7B-instruct,embedding,LLMMedrxivClusteringP2PV2,Clustering,0.570171
Alibaba-NLP__gte-Qwen2-7B-instruct,embedding,LLMMedrxivClusteringS2SV2,Clustering,0.540888
Alibaba-NLP__gte-Qwen2-7B-instruct,embedding,LLMPublicHealthQA,Retrieval,0.77
Alibaba-NLP__gte-Qwen2-7B-instruct,embedding,LLMRTE3PC,PairClassification,0.852391
Alibaba-NLP__gte-Qwen2-7B-instruct,embedding,LLMRedditClusteringP2P,Clustering,0.804602
Alibaba-NLP__gte-Qwen2-7B-instruct,embedding,LLMSICKR,STS,0.797013
Alibaba-NLP__gte-Qwen2-7B-instruct,embedding,LLMSTS12,STS,0.780905
Alibaba-NLP__gte-Qwen2-7B-instruct,embedding,LLMSTS13,STS,0.88612
Alibaba-NLP__gte-Qwen2-7B-instruct,embedding,LLMSTS14,STS,0.834379
Alibaba-NLP__gte-Qwen2-7B-instruct,embedding,LLMSTS15,STS,0.894625
Alibaba-NLP__gte-Qwen2-7B-instruct,embedding,LLMSTS16,STS,0.854541
Alibaba-NLP__gte-Qwen2-7B-instruct,embedding,LLMSTS17,STS,0.871127
Alibaba-NLP__gte-Qwen2-7B-instruct,embedding,LLMSTS22v2,STS,0.547271
Alibaba-NLP__gte-Qwen2-7B-instruct,embedding,LLMSTSBenchmark,STS,0.862112
Alibaba-NLP__gte-Qwen2-7B-instruct,embedding,LLMSprintDuplicateQuestionsPC,PairClassification,0.996
Alibaba-NLP__gte-Qwen2-7B-instruct,embedding,LLMStackExchangeClusteringP2PV2,Clustering,0.606754
Alibaba-NLP__gte-Qwen2-7B-instruct,embedding,LLMStackExchangeClusteringV2,Clustering,0.845213
Alibaba-NLP__gte-Qwen2-7B-instruct,embedding,LLMToxicConversationsClassification,Classification,0.882
Alibaba-NLP__gte-Qwen2-7B-instruct,embedding,LLMTweetSentimentExtractionClassification,Classification,0.7002
Alibaba-NLP__gte-Qwen2-7B-instruct,embedding,LLMTwentyNewsgroupsClusteringV2,Clustering,0.580628
Alibaba-NLP__gte-Qwen2-7B-instruct,embedding,LLMTwitterHjerneRetrieval,Retrieval,0.18961
Alibaba-NLP__gte-Qwen2-7B-instruct,embedding,LLMTwitterURLCorpusPC,PairClassification,0.88
BAAI__bge-m3,embedding,LLMAILAStatutes,Retrieval,0.074
BAAI__bge-m3,embedding,LLMAmazonCounterfactualClassification,Classification,0.75403
BAAI__bge-m3,embedding,LLMArxivClusteringP2P,Clustering,0.417058
BAAI__bge-m3,embedding,LLMArxivClusteringS2S,Clustering,0.323814
BAAI__bge-m3,embedding,LLMBIOSSES,STS,0.83417
BAAI__bge-m3,embedding,LLMBanking77Classification,Classification,0.823667
BAAI__bge-m3,embedding,LLMBiorxivClusteringP2PV2,Clustering,0.497283
BAAI__bge-m3,embedding,LLMFQuADRetrieval,Retrieval,0.62
BAAI__bge-m3,embedding,LLMHC3FinanceRetrieval,Retrieval,0.4
BAAI__bge-m3,embedding,LLMImdbClassification,Classification,0.8794
BAAI__bge-m3,embedding,LLMLegalBenchConsumerContractsQA,Retrieval,0.58
BAAI__bge-m3,embedding,LLMLegalBenchPC,PairClassification,0.716
BAAI__bge-m3,embedding,LLMMTOPDomainClassification,Classification,0.934875
BAAI__bge-m3,embedding,LLMMassiveIntentClassification,Classification,0.7219
BAAI__bge-m3,embedding,LLMMassiveScenarioClassification,Classification,0.766
BAAI__bge-m3,embedding,LLMMedrxivClusteringP2PV2,Clustering,0.431247
BAAI__bge-m3,embedding,LLMMedrxivClusteringS2SV2,Clustering,0.407004
BAAI__bge-m3,embedding,LLMPublicHealthQA,Retrieval,0.74
BAAI__bge-m3,embedding,LLMRTE3PC,PairClassification,0.848233
BAAI__bge-m3,embedding,LLMRedditClusteringP2P,Clustering,0.612344
BAAI__bge-m3,embedding,LLMSICKR,STS,0.79296
BAAI__bge-m3,embedding,LLMSTS12,STS,0.798028
BAAI__bge-m3,embedding,LLMSTS13,STS,0.785687
BAAI__bge-m3,embedding,LLMSTS14,STS,0.807193
BAAI__bge-m3,embedding,LLMSTS15,STS,0.882909
BAAI__bge-m3,embedding,LLMSTS16,STS,0.846952
BAAI__bge-m3,embedding,LLMSTS17,STS,0.82259
BAAI__bge-m3,embedding,LLMSTS22v2,STS,0.605388
BAAI__bge-m3,embedding,LLMSTSBenchmark,STS,0.859792
BAAI__bge-m3,embedding,LLMSprintDuplicateQuestionsPC,PairClassification,0.996
BAAI__bge-m3,embedding,LLMStackExchangeClusteringP2PV2,Clustering,0.425639
BAAI__bge-m3,embedding,LLMStackExchangeClusteringV2,Clustering,0.562642
BAAI__bge-m3,embedding,LLMToxicConversationsClassification,Classification,0.6476
BAAI__bge-m3,embedding,LLMTweetSentimentExtractionClassification,Classification,0.5686
BAAI__bge-m3,embedding,LLMTwentyNewsgroupsClusteringV2,Clustering,0.454871
BAAI__bge-m3,embedding,LLMTwitterHjerneRetrieval,Retrieval,0.24156
BAAI__bge-m3,embedding,LLMTwitterURLCorpusPC,PairClassification,0.876
GritLM__GritLM-7B,embedding,LLMAILAStatutes,Retrieval,0.01
GritLM__GritLM-7B,embedding,LLMAmazonCounterfactualClassification,Classification,0.746567
GritLM__GritLM-7B,embedding,LLMArxivClusteringP2P,Clustering,0.556658
GritLM__GritLM-7B,embedding,LLMArxivClusteringS2S,Clustering,0.404427
GritLM__GritLM-7B,embedding,LLMBIOSSES,STS,0.653449
GritLM__GritLM-7B,embedding,LLMBanking77Classification,Classification,0.705689
GritLM__GritLM-7B,embedding,LLMBiorxivClusteringP2PV2,Clustering,0.516631
GritLM__GritLM-7B,embedding,LLMFQuADRetrieval,Retrieval,0.01
GritLM__GritLM-7B,embedding,LLMHC3FinanceRetrieval,Retrieval,0.03
GritLM__GritLM-7B,embedding,LLMImdbClassification,Classification,0.7898
GritLM__GritLM-7B,embedding,LLMLegalBenchConsumerContractsQA,Retrieval,0.08
GritLM__GritLM-7B,embedding,LLMLegalBenchPC,PairClassification,0.568
GritLM__GritLM-7B,embedding,LLMMTOPDomainClassification,Classification,0.84875
GritLM__GritLM-7B,embedding,LLMMassiveIntentClassification,Classification,0.6522
GritLM__GritLM-7B,embedding,LLMMassiveScenarioClassification,Classification,0.6835
GritLM__GritLM-7B,embedding,LLMMedrxivClusteringP2PV2,Clustering,0.465218
GritLM__GritLM-7B,embedding,LLMMedrxivClusteringS2SV2,Clustering,0.426833
GritLM__GritLM-7B,embedding,LLMPublicHealthQA,Retrieval,0.18
GritLM__GritLM-7B,embedding,LLMRTE3PC,PairClassification,0.848233
GritLM__GritLM-7B,embedding,LLMRedditClusteringP2P,Clustering,0.638551
GritLM__GritLM-7B,embedding,LLMSICKR,STS,0.605121
GritLM__GritLM-7B,embedding,LLMSTS12,STS,0.513306
GritLM__GritLM-7B,embedding,LLMSTS13,STS,0.610978
GritLM__GritLM-7B,embedding,LLMSTS14,STS,0.56283
GritLM__GritLM-7B,embedding,LLMSTS15,STS,0.69342
GritLM__GritLM-7B,embedding,LLMSTS16,STS,0.660557
GritLM__GritLM-7B,embedding,LLMSTS17,STS,0.360405
GritLM__GritLM-7B,embedding,LLMSTS22v2,STS,0.316403
GritLM__GritLM-7B,embedding,LLMSTSBenchmark,STS,0.528845
GritLM__GritLM-7B,embedding,LLMSprintDuplicateQuestionsPC,PairClassification,0.92
GritLM__GritLM-7B,embedding,LLMStackExchangeClusteringP2PV2,Clustering,0.438717
GritLM__GritLM-7B,embedding,LLMStackExchangeClusteringV2,Clustering,0.598399
GritLM__GritLM-7B,embedding,LLMToxicConversationsClassification,Classification,0.6138
GritLM__GritLM-7B,embedding,LLMTweetSentimentExtractionClassification,Classification,0.4496
GritLM__GritLM-7B,embedding,LLMTwentyNewsgroupsClusteringV2,Clustering,0.354668
GritLM__GritLM-7B,embedding,LLMTwitterHjerneRetrieval,Retrieval,0.05325
GritLM__GritLM-7B,embedding,LLMTwitterURLCorpusPC,PairClassification,0.754
ICT-TIME-and-Querit__BOOM_4B_v1,embedding,LLMAILAStatutes,Retrieval,0.077
ICT-TIME-and-Querit__BOOM_4B_v1,embedding,LLMAmazonCounterfactualClassification,Classification,0.899104
ICT-TIME-and-Querit__BOOM_4B_v1,embedding,LLMArxivClusteringP2P,Clustering,0.621328
ICT-TIME-and-Querit__BOOM_4B_v1,embedding,LLMArxivClusteringS2S,Clustering,0.605422
ICT-TIME-and-Querit__BOOM_4B_v1,embedding,LLMBIOSSES,STS,0.855544
ICT-TIME-and-Querit__BOOM_4B_v1,embedding,LLMBanking77Classification,Classification,0.870351
ICT-TIME-and-Querit__BOOM_4B_v1,embedding,LLMBiorxivClusteringP2PV2,Clustering,0.678525
ICT-TIME-and-Querit__BOOM_4B_v1,embedding,LLMImdbClassification,Classification,0.962
ICT-TIME-and-Querit__BOOM_4B_v1,embedding,LLMLegalBenchPC,PairClassification,0.698
ICT-TIME-and-Querit__BOOM_4B_v1,embedding,LLMMTOPDomainClassification,Classification,0.96525
ICT-TIME-and-Querit__BOOM_4B_v1,embedding,LLMMassiveIntentClassification,Classification,0.8022
ICT-TIME-and-Querit__BOOM_4B_v1,embedding,LLMMassiveScenarioClassification,Classification,0.811625
ICT-TIME-and-Querit__BOOM_4B_v1,embedding,LLMMedrxivClusteringP2PV2,Clustering,0.593709
ICT-TIME-and-Querit__BOOM_4B_v1,embedding,LLMMedrxivClusteringS2SV2,Clustering,0.556091
ICT-TIME-and-Querit__BOOM_4B_v1,embedding,LLMRTE3PC,PairClassification,0.848233
ICT-TIME-and-Querit__BOOM_4B_v1,embedding,LLMRedditClusteringP2P,Clustering,0.760143
ICT-TIME-and-Querit__BOOM_4B_v1,embedding,LLMSICKR,STS,0.802839
ICT-TIME-and-Querit__BOOM_4B_v1,embedding,LLMSTS12,STS,0.772691
ICT-TIME-and-Querit__BOOM_4B_v1,embedding,LLMSTS13,STS,0.857373
ICT-TIME-and-Querit__BOOM_4B_v1,embedding,LLMSTS14,STS,0.787166
ICT-TIME-and-Querit__BOOM_4B_v1,embedding,LLMSTS15,STS,0.887189
ICT-TIME-and-Querit__BOOM_4B_v1,embedding,LLMSTS16,STS,0.851447
ICT-TIME-and-Querit__BOOM_4B_v1,embedding,LLMSTS17,STS,0.874612
ICT-TIME-and-Querit__BOOM_4B_v1,embedding,LLMSTS22v2,STS,0.499717
ICT-TIME-and-Querit__BOOM_4B_v1,embedding,LLMSTSBenchmark,STS,0.876014
ICT-TIME-and-Querit__BOOM_4B_v1,embedding,LLMSprintDuplicateQuestionsPC,PairClassification,0.994
ICT-TIME-and-Querit__BOOM_4B_v1,embedding,LLMStackExchangeClusteringP2PV2,Clustering,0.53938
ICT-TIME-and-Querit__BOOM_4B_v1,embedding,LLMStackExchangeClusteringV2,Clustering,0.863989
ICT-TIME-and-Querit__BOOM_4B_v1,embedding,LLMToxicConversationsClassification,Classification,0.8766
ICT-TIME-and-Querit__BOOM_4B_v1,embedding,LLMTweetSentimentExtractionClassification,Classification,0.7706
ICT-TIME-and-Querit__BOOM_4B_v1,embedding,LLMTwentyNewsgroupsClusteringV2,Clustering,0.735368
ICT-TIME-and-Querit__BOOM_4B_v1,embedding,LLMTwitterHjerneRetrieval,Retrieval,0.27013
ICT-TIME-and-Querit__BOOM_4B_v1,embedding,LLMTwitterURLCorpusPC,PairClassification,0.888
Linq-AI-Research__Linq-Embed-Mistral,embedding,LLMAILAStatutes,Retrieval,0.106
Linq-AI-Research__Linq-Embed-Mistral,embedding,LLMAmazonCounterfactualClassification,Classification,0.839104
Linq-AI-Research__Linq-Embed-Mistral,embedding,LLMArxivClusteringP2P,Clustering,0.579835
Linq-AI-Research__Linq-Embed-Mistral,embedding,LLMArxivClusteringS2S,Clustering,0.556894
Linq-AI-Research__Linq-Embed-Mistral,embedding,LLMBIOSSES,STS,0.860839
Linq-AI-Research__Linq-Embed-Mistral,embedding,LLMBanking77Classification,Classification,0.876691
Linq-AI-Research__Linq-Embed-Mistral,embedding,LLMBiorxivClusteringP2PV2,Clustering,0.613377
Linq-AI-Research__Linq-Embed-Mistral,embedding,LLMFQuADRetrieval,Retrieval,0.68
Linq-AI-Research__Linq-Embed-Mistral,embedding,LLMHC3FinanceRetrieval,Retrieval,0.54
Linq-AI-Research__Linq-Embed-Mistral,embedding,LLMImdbClassification,Classification,0.9494
Linq-AI-Research__Linq-Embed-Mistral,embedding,LLMLegalBenchConsumerContractsQA,Retrieval,0.66
Linq-AI-Research__Linq-Embed-Mistral,embedding,LLMLegalBenchPC,PairClassification,0.71
Linq-AI-Research__Linq-Embed-Mistral,embedding,LLMMTOPDomainClassification,Classification,0.97
Linq-AI-Research__Linq-Embed-Mistral,embedding,LLMMassiveIntentClassification,Classification,0.827
Linq-AI-Research__Linq-Embed-Mistral,embedding,LLMMassiveScenarioClassification,Classification,0.845
Linq-AI-Research__Linq-Embed-Mistral,embedding,LLMMedrxivClusteringP2PV2,Clustering,0.51471
Linq-AI-Research__Linq-Embed-Mistral,embedding,LLMMedrxivClusteringS2SV2,Clustering,0.527578
Linq-AI-Research__Linq-Embed-Mistral,embedding,LLMPublicHealthQA,Retrieval,0.78
Linq-AI-Research__Linq-Embed-Mistral,embedding,LLMRTE3PC,PairClassification,0.848233
Linq-AI-Research__Linq-Embed-Mistral,embedding,LLMRedditClusteringP2P,Clustering,0.770132
Linq-AI-Research__Linq-Embed-Mistral,embedding,LLMSICKR,STS,0.844088
Linq-AI-Research__Linq-Embed-Mistral,embedding,LLMSTS12,STS,0.776032
Linq-AI-Research__Linq-Embed-Mistral,embedding,LLMSTS13,STS,0.878395
Linq-AI-Research__Linq-Embed-Mistral,embedding,LLMSTS14,STS,0.840955
Linq-AI-Research__Linq-Embed-Mistral,embedding,LLMSTS15,STS,0.912023
Linq-AI-Research__Linq-Embed-Mistral,embedding,LLMSTS16,STS,0.874021
Linq-AI-Research__Linq-Embed-Mistral,embedding,LLMSTS17,STS,0.898843
Linq-AI-Research__Linq-Embed-Mistral,embedding,LLMSTS22v2,STS,0.561371
Linq-AI-Research__Linq-Embed-Mistral,embedding,LLMSTSBenchmark,STS,0.890406
Linq-AI-Research__Linq-Embed-Mistral,embedding,LLMSprintDuplicateQuestionsPC,PairClassification,0.998
Linq-AI-Research__Linq-Embed-Mistral,embedding,LLMStackExchangeClusteringP2PV2,Clustering,0.561507
Linq-AI-Research__Linq-Embed-Mistral,embedding,LLMStackExchangeClusteringV2,Clustering,0.78416
Linq-AI-Research__Linq-Embed-Mistral,embedding,LLMToxicConversationsClassification,Classification,0.702
Linq-AI-Research__Linq-Embed-Mistral,embedding,LLMTweetSentimentExtractionClassification,Classification,0.5922
Linq-AI-Research__Linq-Embed-Mistral,embedding,LLMTwentyNewsgroupsClusteringV2,Clustering,0.610782
Linq-AI-Research__Linq-Embed-Mistral,embedding,LLMTwitterHjerneRetrieval,Retrieval,0.29113
Linq-AI-Research__Linq-Embed-Mistral,embedding,LLMTwitterURLCorpusPC,PairClassification,0.886
Qwen__Qwen3-Embedding-0.6B,embedding,LLMAILAStatutes,Retrieval,0.20233
Qwen__Qwen3-Embedding-0.6B,embedding,LLMAmazonCounterfactualClassification,Classification,0.904776
Qwen__Qwen3-Embedding-0.6B,embedding,LLMArxivClusteringP2P,Clustering,0.601753
Qwen__Qwen3-Embedding-0.6B,embedding,LLMArxivClusteringS2S,Clustering,0.575654
Qwen__Qwen3-Embedding-0.6B,embedding,LLMBIOSSES,STS,0.845598
Qwen__Qwen3-Embedding-0.6B,embedding,LLMBanking77Classification,Classification,0.807575
Qwen__Qwen3-Embedding-0.6B,embedding,LLMBiorxivClusteringP2PV2,Clustering,0.618442
Qwen__Qwen3-Embedding-0.6B,embedding,LLMFQuADRetrieval,Retrieval,0.55
Qwen__Qwen3-Embedding-0.6B,embedding,LLMHC3FinanceRetrieval,Retrieval,0.36
Qwen__Qwen3-Embedding-0.6B,embedding,LLMImdbClassification,Classification,0.963
Qwen__Qwen3-Embedding-0.6B,embedding,LLMLegalBenchConsumerContractsQA,Retrieval,0.63
Qwen__Qwen3-Embedding-0.6B,embedding,LLMLegalBenchPC,PairClassification,0.704
Qwen__Qwen3-Embedding-0.6B,embedding,LLMMTOPDomainClassification,Classification,0.958125
Qwen__Qwen3-Embedding-0.6B,embedding,LLMMassiveIntentClassification,Classification,0.8011
Qwen__Qwen3-Embedding-0.6B,embedding,LLMMassiveScenarioClassification,Classification,0.838375
Qwen__Qwen3-Embedding-0.6B,embedding,LLMMedrxivClusteringP2PV2,Clustering,0.529052
Qwen__Qwen3-Embedding-0.6B,embedding,LLMMedrxivClusteringS2SV2,Clustering,0.511145
Qwen__Qwen3-Embedding-0.6B,embedding,LLMPublicHealthQA,Retrieval,0.68
Qwen__Qwen3-Embedding-0.6B,embedding,LLMRTE3PC,PairClassification,0.848233
Qwen__Qwen3-Embedding-0.6B,embedding,LLMRedditClusteringP2P,Clustering,0.698656
Qwen__Qwen3-Embedding-0.6B,embedding,LLMSICKR,STS,0.846406
Qwen__Qwen3-Embedding-0.6B,embedding,LLMSTS12,STS,0.835546
Qwen__Qwen3-Embedding-0.6B,embedding,LLMSTS13,STS,0.920643
Qwen__Qwen3-Embedding-0.6B,embedding,LLMSTS14,STS,0.870008
Qwen__Qwen3-Embedding-0.6B,embedding,LLMSTS15,STS,0.917148
Qwen__Qwen3-Embedding-0.6B,embedding,LLMSTS16,STS,0.897099
Qwen__Qwen3-Embedding-0.6B,embedding,LLMSTS17,STS,0.878577
Qwen__Qwen3-Embedding-0.6B,embedding,LLMSTS22v2,STS,0.646325
Qwen__Qwen3-Embedding-0.6B,embedding,LLMSTSBenchmark,STS,0.912924
Qwen__Qwen3-Embedding-0.6B,embedding,LLMSprintDuplicateQuestionsPC,PairClassification,0.998
Qwen__Qwen3-Embedding-0.6B,embedding,LLMStackExchangeClusteringP2PV2,Clustering,0.559912
Qwen__Qwen3-Embedding-0.6B,embedding,LLMStackExchangeClusteringV2,Clustering,0.773482
Qwen__Qwen3-Embedding-0.6B,embedding,LLMToxicConversationsClassification,Classification,0.8188
Qwen__Qwen3-Embedding-0.6B,embedding,LLMTweetSentimentExtractionClassification,Classification,0.7428
Qwen__Qwen3-Embedding-0.6B,embedding,LLMTwentyNewsgroupsClusteringV2,Clustering,0.617287
Qwen__Qwen3-Embedding-0.6B,embedding,LLMTwitterHjerneRetrieval,Retrieval,0.22424
Qwen__Qwen3-Embedding-0.6B,embedding,LLMTwitterURLCorpusPC,PairClassification,0.894
Qwen__Qwen3-Embedding-4B,embedding,LLMAILAStatutes,Retrieval,0.20967
Qwen__Qwen3-Embedding-4B,embedding,LLMAmazonCounterfactualClassification,Classification,0.926269
Qwen__Qwen3-Embedding-4B,embedding,LLMArxivClusteringP2P,Clustering,0.625587
Qwen__Qwen3-Embedding-4B,embedding,LLMArxivClusteringS2S,Clustering,0.602555
Qwen__Qwen3-Embedding-4B,embedding,LLMBIOSSES,STS,0.847754
Qwen__Qwen3-Embedding-4B,embedding,LLMBanking77Classification,Classification,0.863231
Qwen__Qwen3-Embedding-4B,embedding,LLMBiorxivClusteringP2PV2,Clustering,0.63979
Qwen__Qwen3-Embedding-4B,embedding,LLMFQuADRetrieval,Retrieval,0.61
Qwen__Qwen3-Embedding-4B,embedding,LLMHC3FinanceRetrieval,Retrieval,0.56
Qwen__Qwen3-Embedding-4B,embedding,LLMImdbClassification,Classification,0.9736
Qwen__Qwen3-Embedding-4B,embedding,LLMLegalBenchConsumerContractsQA,Retrieval,0.64
Qwen__Qwen3-Embedding-4B,embedding,LLMLegalBenchPC,PairClassification,0.72
Qwen__Qwen3-Embedding-4B,embedding,LLMMTOPDomainClassification,Classification,0.976125
Qwen__Qwen3-Embedding-4B,embedding,LLMMassiveIntentClassification,Classification,0.8525
Qwen__Qwen3-Embedding-4B,embedding,LLMMassiveScenarioClassification,Classification,0.860375
Qwen__Qwen3-Embedding-4B,embedding,LLMMedrxivClusteringP2PV2,Clustering,0.554543
Qwen__Qwen3-Embedding-4B,embedding,LLMMedrxivClusteringS2SV2,Clustering,0.541027
Qwen__Qwen3-Embedding-4B,embedding,LLMPublicHealthQA,Retrieval,0.75
Qwen__Qwen3-Embedding-4B,embedding,LLMRTE3PC,PairClassification,0.848233
Qwen__Qwen3-Embedding-4B,embedding,LLMRedditClusteringP2P,Clustering,0.770597
Qwen__Qwen3-Embedding-4B,embedding,LLMSICKR,STS,0.876588
Qwen__Qwen3-Embedding-4B,embedding,LLMSTS12,STS,0.873714
Qwen__Qwen3-Embedding-4B,embedding,LLMSTS13,STS,0.945993
Qwen__Qwen3-Embedding-4B,embedding,LLMSTS14,STS,0.914095
Qwen__Qwen3-Embedding-4B,embedding,LLMSTS15,STS,0.945113
Qwen__Qwen3-Embedding-4B,embedding,LLMSTS16,STS,0.928832
Qwen__Qwen3-Embedding-4B,embedding,LLMSTS17,STS,0.931939
Qwen__Qwen3-Embedding-4B,embedding,LLMSTS22v2,STS,0.676942
Qwen__Qwen3-Embedding-4B,embedding,LLMSTSBenchmark,STS,0.937118
Qwen__Qwen3-Embedding-4B,embedding,LLMSprintDuplicateQuestionsPC,PairClassification,0.998
Qwen__Qwen3-Embedding-4B,embedding,LLMStackExchangeClusteringP2PV2,Clustering,0.587691
Qwen__Qwen3-Embedding-4B,embedding,LLMStackExchangeClusteringV2,Clustering,0.839489
Qwen__Qwen3-Embedding-4B,embedding,LLMToxicConversationsClassification,Classification,0.9226
Qwen__Qwen3-Embedding-4B,embedding,LLMTweetSentimentExtractionClassification,Classification,0.7712
Qwen__Qwen3-Embedding-4B,embedding,LLMTwentyNewsgroupsClusteringV2,Clustering,0.653084
Qwen__Qwen3-Embedding-4B,embedding,LLMTwitterHjerneRetrieval,Retrieval,0.24784
Qwen__Qwen3-Embedding-4B,embedding,LLMTwitterURLCorpusPC,PairClassification,0.894
Qwen__Qwen3-Embedding-8B,embedding,LLMAILAStatutes,Retrieval,0.21767
Qwen__Qwen3-Embedding-8B,embedding,LLMAmazonCounterfactualClassification,Classification,0.929254
Qwen__Qwen3-Embedding-8B,embedding,LLMArxivClusteringP2P,Clustering,0.624676
Qwen__Qwen3-Embedding-8B,embedding,LLMArxivClusteringS2S,Clustering,0.611039
Qwen__Qwen3-Embedding-8B,embedding,LLMBIOSSES,STS,0.819663
Qwen__Qwen3-Embedding-8B,embedding,LLMBanking77Classification,Classification,0.871619
Qwen__Qwen3-Embedding-8B,embedding,LLMBiorxivClusteringP2PV2,Clustering,0.652991
Qwen__Qwen3-Embedding-8B,embedding,LLMFQuADRetrieval,Retrieval,0.68
Qwen__Qwen3-Embedding-8B,embedding,LLMHC3FinanceRetrieval,Retrieval,0.59
Qwen__Qwen3-Embedding-8B,embedding,LLMImdbClassification,Classification,0.9776
Qwen__Qwen3-Embedding-8B,embedding,LLMLegalBenchConsumerContractsQA,Retrieval,0.7
Qwen__Qwen3-Embedding-8B,embedding,LLMLegalBenchPC,PairClassification,0.704
Qwen__Qwen3-Embedding-8B,embedding,LLMMTOPDomainClassification,Classification,0.981
Qwen__Qwen3-Embedding-8B,embedding,LLMMassiveIntentClassification,Classification,0.8577
Qwen__Qwen3-Embedding-8B,embedding,LLMMassiveScenarioClassification,Classification,0.893625
Qwen__Qwen3-Embedding-8B,embedding,LLMMedrxivClusteringP2PV2,Clustering,0.55876
Qwen__Qwen3-Embedding-8B,embedding,LLMMedrxivClusteringS2SV2,Clustering,0.551645
Qwen__Qwen3-Embedding-8B,embedding,LLMPublicHealthQA,Retrieval,0.78
Qwen__Qwen3-Embedding-8B,embedding,LLMRTE3PC,PairClassification,0.856549
Qwen__Qwen3-Embedding-8B,embedding,LLMRedditClusteringP2P,Clustering,0.798288
Qwen__Qwen3-Embedding-8B,embedding,LLMSICKR,STS,0.883949
Qwen__Qwen3-Embedding-8B,embedding,LLMSTS12,STS,0.873193
Qwen__Qwen3-Embedding-8B,embedding,LLMSTS13,STS,0.940125
Qwen__Qwen3-Embedding-8B,embedding,LLMSTS14,STS,0.909586
Qwen__Qwen3-Embedding-8B,embedding,LLMSTS15,STS,0.942357
Qwen__Qwen3-Embedding-8B,embedding,LLMSTS16,STS,0.924814
Qwen__Qwen3-Embedding-8B,embedding,LLMSTS17,STS,0.937486
Qwen__Qwen3-Embedding-8B,embedding,LLMSTS22v2,STS,0.689348
Qwen__Qwen3-Embedding-8B,embedding,LLMSTSBenchmark,STS,0.933774
Qwen__Qwen3-Embedding-8B,embedding,LLMSprintDuplicateQuestionsPC,PairClassification,0.996
Qwen__Qwen3-Embedding-8B,embedding,LLMStackExchangeClusteringP2PV2,Clustering,0.594548
Qwen__Qwen3-Embedding-8B,embedding,LLMStackExchangeClusteringV2,Clustering,0.862894
Qwen__Qwen3-Embedding-8B,embedding,LLMToxicConversationsClassification,Classification,0.92
Qwen__Qwen3-Embedding-8B,embedding,LLMTweetSentimentExtractionClassification,Classification,0.7782
Qwen__Qwen3-Embedding-8B,embedding,LLMTwentyNewsgroupsClusteringV2,Clustering,0.675683
Qwen__Qwen3-Embedding-8B,embedding,LLMTwitterHjerneRetrieval,Retrieval,0.28636
Qwen__Qwen3-Embedding-8B,embedding,LLMTwitterURLCorpusPC,PairClassification,0.902
Salesforce__SFR-Embedding-2_R,embedding,LLMAILAStatutes,Retrieval,0.112
Salesforce__SFR-Embedding-2_R,embedding,LLMAmazonCounterfactualClassification,Classification,0.927463
Salesforce__SFR-Embedding-2_R,embedding,LLMArxivClusteringP2P,Clustering,0.617581
Salesforce__SFR-Embedding-2_R,embedding,LLMArxivClusteringS2S,Clustering,0.595607
Salesforce__SFR-Embedding-2_R,embedding,LLMBIOSSES,STS,0.874755
Salesforce__SFR-Embedding-2_R,embedding,LLMBanking77Classification,Classification,0.90065
Salesforce__SFR-Embedding-2_R,embedding,LLMBiorxivClusteringP2PV2,Clustering,0.655949
Salesforce__SFR-Embedding-2_R,embedding,LLMFQuADRetrieval,Retrieval,0.67
Salesforce__SFR-Embedding-2_R,embedding,LLMHC3FinanceRetrieval,Retrieval,0.57
Salesforce__SFR-Embedding-2_R,embedding,LLMImdbClassification,Classification,0.9758
Salesforce__SFR-Embedding-2_R,embedding,LLMLegalBenchConsumerContractsQA,Retrieval,0.56
Salesforce__SFR-Embedding-2_R,embedding,LLMLegalBenchPC,PairClassification,0.674
Salesforce__SFR-Embedding-2_R,embedding,LLMMTOPDomainClassification,Classification,0.983375
Salesforce__SFR-Embedding-2_R,embedding,LLMMassiveIntentClassification,Classification,0.8626
Salesforce__SFR-Embedding-2_R,embedding,LLMMassiveScenarioClassification,Classification,0.90525
Salesforce__SFR-Embedding-2_R,embedding,LLMMedrxivClusteringP2PV2,Clustering,0.589053
Salesforce__SFR-Embedding-2_R,embedding,LLMMedrxivClusteringS2SV2,Clustering,0.575359
Salesforce__SFR-Embedding-2_R,embedding,LLMPublicHealthQA,Retrieval,0.74
Salesforce__SFR-Embedding-2_R,embedding,LLMRTE3PC,PairClassification,0.848233
Salesforce__SFR-Embedding-2_R,embedding,LLMRedditClusteringP2P,Clustering,0.808487
Salesforce__SFR-Embedding-2_R,embedding,LLMSICKR,STS,0.766723
Salesforce__SFR-Embedding-2_R,embedding,LLMSTS12,STS,0.746346
Salesforce__SFR-Embedding-2_R,embedding,LLMSTS13,STS,0.813517
Salesforce__SFR-Embedding-2_R,embedding,LLMSTS14,STS,0.805893
Salesforce__SFR-Embedding-2_R,embedding,LLMSTS15,STS,0.874693
Salesforce__SFR-Embedding-2_R,embedding,LLMSTS16,STS,0.845995
Salesforce__SFR-Embedding-2_R,embedding,LLMSTS17,STS,0.850289
Salesforce__SFR-Embedding-2_R,embedding,LLMSTS22v2,STS,0.382017
Salesforce__SFR-Embedding-2_R,embedding,LLMSTSBenchmark,STS,0.826452
Salesforce__SFR-Embedding-2_R,embedding,LLMSprintDuplicateQuestionsPC,PairClassification,0.998
Salesforce__SFR-Embedding-2_R,embedding,LLMStackExchangeClusteringP2PV2,Clustering,0.59264
Salesforce__SFR-Embedding-2_R,embedding,LLMStackExchangeClusteringV2,Clustering,0.831617
Salesforce__SFR-Embedding-2_R,embedding,LLMToxicConversationsClassification,Classification,0.9188
Salesforce__SFR-Embedding-2_R,embedding,LLMTweetSentimentExtractionClassification,Classification,0.7888
Salesforce__SFR-Embedding-2_R,embedding,LLMTwentyNewsgroupsClusteringV2,Clustering,0.737843
Salesforce__SFR-Embedding-2_R,embedding,LLMTwitterHjerneRetrieval,Retrieval,0.27554
Salesforce__SFR-Embedding-2_R,embedding,LLMTwitterURLCorpusPC,PairClassification,0.89
Salesforce__SFR-Embedding-Mistral,embedding,LLMAILAStatutes,Retrieval,0.101
Salesforce__SFR-Embedding-Mistral,embedding,LLMAmazonCounterfactualClassification,Classification,0.765672
Salesforce__SFR-Embedding-Mistral,embedding,LLMArxivClusteringP2P,Clustering,0.595987
Salesforce__SFR-Embedding-Mistral,embedding,LLMArxivClusteringS2S,Clustering,0.582417
Salesforce__SFR-Embedding-Mistral,embedding,LLMBIOSSES,STS,0.860526
Salesforce__SFR-Embedding-Mistral,embedding,LLMBanking77Classification,Classification,0.887971
Salesforce__SFR-Embedding-Mistral,embedding,LLMBiorxivClusteringP2PV2,Clustering,0.628498
Salesforce__SFR-Embedding-Mistral,embedding,LLMImdbClassification,Classification,0.9508
Salesforce__SFR-Embedding-Mistral,embedding,LLMMTOPDomainClassification,Classification,0.963
Salesforce__SFR-Embedding-Mistral,embedding,LLMMassiveIntentClassification,Classification,0.8089
Salesforce__SFR-Embedding-Mistral,embedding,LLMMassiveScenarioClassification,Classification,0.81425
Salesforce__SFR-Embedding-Mistral,embedding,LLMMedrxivClusteringP2PV2,Clustering,0.531724
Salesforce__SFR-Embedding-Mistral,embedding,LLMMedrxivClusteringS2SV2,Clustering,0.525844
Salesforce__SFR-Embedding-Mistral,embedding,LLMRedditClusteringP2P,Clustering,0.765016
Salesforce__SFR-Embedding-Mistral,embedding,LLMSICKR,STS,0.830976
Salesforce__SFR-Embedding-Mistral,embedding,LLMSTS12,STS,0.790137
Salesforce__SFR-Embedding-Mistral,embedding,LLMSTS13,STS,0.887044
Salesforce__SFR-Embedding-Mistral,embedding,LLMSTS14,STS,0.843984
Salesforce__SFR-Embedding-Mistral,embedding,LLMSTS15,STS,0.916039
Salesforce__SFR-Embedding-Mistral,embedding,LLMSTS16,STS,0.881244
Salesforce__SFR-Embedding-Mistral,embedding,LLMSTS17,STS,0.879544
Salesforce__SFR-Embedding-Mistral,embedding,LLMSTS22v2,STS,0.536708
Salesforce__SFR-Embedding-Mistral,embedding,LLMSTSBenchmark,STS,0.891971
Salesforce__SFR-Embedding-Mistral,embedding,LLMStackExchangeClusteringP2PV2,Clustering,0.559242
Salesforce__SFR-Embedding-Mistral,embedding,LLMStackExchangeClusteringV2,Clustering,0.811303
Salesforce__SFR-Embedding-Mistral,embedding,LLMToxicConversationsClassification,Classification,0.6596
Salesforce__SFR-Embedding-Mistral,embedding,LLMTweetSentimentExtractionClassification,Classification,0.5918
Salesforce__SFR-Embedding-Mistral,embedding,LLMTwentyNewsgroupsClusteringV2,Clustering,0.630953
Salesforce__SFR-Embedding-Mistral,embedding,LLMTwitterHjerneRetrieval,Retrieval,0.29113
Snowflake__snowflake-arctic-embed-l-v2.0,embedding,LLMAILAStatutes,Retrieval,0.033
Snowflake__snowflake-arctic-embed-l-v2.0,embedding,LLMAmazonCounterfactualClassification,Classification,0.636418
Snowflake__snowflake-arctic-embed-l-v2.0,embedding,LLMArxivClusteringP2P,Clustering,0.480571
Snowflake__snowflake-arctic-embed-l-v2.0,embedding,LLMArxivClusteringS2S,Clustering,0.384248
Snowflake__snowflake-arctic-embed-l-v2.0,embedding,LLMBIOSSES,STS,0.871936
Snowflake__snowflake-arctic-embed-l-v2.0,embedding,LLMBanking77Classification,Classification,0.823309
Snowflake__snowflake-arctic-embed-l-v2.0,embedding,LLMBiorxivClusteringP2PV2,Clustering,0.487487
Snowflake__snowflake-arctic-embed-l-v2.0,embedding,LLMFQuADRetrieval,Retrieval,0.61
Snowflake__snowflake-arctic-embed-l-v2.0,embedding,LLMHC3FinanceRetrieval,Retrieval,0.42
Snowflake__snowflake-arctic-embed-l-v2.0,embedding,LLMImdbClassification,Classification,0.734
Snowflake__snowflake-arctic-embed-l-v2.0,embedding,LLMLegalBenchConsumerContractsQA,Retrieval,0.59
Snowflake__snowflake-arctic-embed-l-v2.0,embedding,LLMLegalBenchPC,PairClassification,0.642
Snowflake__snowflake-arctic-embed-l-v2.0,embedding,LLMMTOPDomainClassification,Classification,0.935
Snowflake__snowflake-arctic-embed-l-v2.0,embedding,LLMMassiveIntentClassification,Classification,0.7222
Snowflake__snowflake-arctic-embed-l-v2.0,embedding,LLMMassiveScenarioClassification,Classification,0.75975
Snowflake__snowflake-arctic-embed-l-v2.0,embedding,LLMMedrxivClusteringP2PV2,Clustering,0.464929
Snowflake__snowflake-arctic-embed-l-v2.0,embedding,LLMMedrxivClusteringS2SV2,Clustering,0.44042
Snowflake__snowflake-arctic-embed-l-v2.0,embedding,LLMPublicHealthQA,Retrieval,0.76
Snowflake__snowflake-arctic-embed-l-v2.0,embedding,LLMRTE3PC,PairClassification,0.848233
Snowflake__snowflake-arctic-embed-l-v2.0,embedding,LLMRedditClusteringP2P,Clustering,0.65241
Snowflake__snowflake-arctic-embed-l-v2.0,embedding,LLMSICKR,STS,0.725408
Snowflake__snowflake-arctic-embed-l-v2.0,embedding,LLMSTS12,STS,0.716282
Snowflake__snowflake-arctic-embed-l-v2.0,embedding,LLMSTS13,STS,0.79647
Snowflake__snowflake-arctic-embed-l-v2.0,embedding,LLMSTS14,STS,0.760081
Snowflake__snowflake-arctic-embed-l-v2.0,embedding,LLMSTS15,STS,0.839479
Snowflake__snowflake-arctic-embed-l-v2.0,embedding,LLMSTS16,STS,0.831703
Snowflake__snowflake-arctic-embed-l-v2.0,embedding,LLMSTS17,STS,0.793739
Snowflake__snowflake-arctic-embed-l-v2.0,embedding,LLMSTS22v2,STS,0.596128
Snowflake__snowflake-arctic-embed-l-v2.0,embedding,LLMSTSBenchmark,STS,0.784344
Snowflake__snowflake-arctic-embed-l-v2.0,embedding,LLMSprintDuplicateQuestionsPC,PairClassification,0.996
Snowflake__snowflake-arctic-embed-l-v2.0,embedding,LLMStackExchangeClusteringP2PV2,Clustering,0.466257
Snowflake__snowflake-arctic-embed-l-v2.0,embedding,LLMStackExchangeClusteringV2,Clustering,0.6166
Snowflake__snowflake-arctic-embed-l-v2.0,embedding,LLMToxicConversationsClassification,Classification,0.615
Snowflake__snowflake-arctic-embed-l-v2.0,embedding,LLMTweetSentimentExtractionClassification,Classification,0.4882
Snowflake__snowflake-arctic-embed-l-v2.0,embedding,LLMTwentyNewsgroupsClusteringV2,Clustering,0.483093
Snowflake__snowflake-arctic-embed-l-v2.0,embedding,LLMTwitterHjerneRetrieval,Retrieval,0.26104
Snowflake__snowflake-arctic-embed-l-v2.0,embedding,LLMTwitterURLCorpusPC,PairClassification,0.868
bflhc__Octen-Embedding-8B,embedding,LLMAILAStatutes,Retrieval,0.23167
bflhc__Octen-Embedding-8B,embedding,LLMAmazonCounterfactualClassification,Classification,0.929851
bflhc__Octen-Embedding-8B,embedding,LLMArxivClusteringP2P,Clustering,0.619122
bflhc__Octen-Embedding-8B,embedding,LLMArxivClusteringS2S,Clustering,0.604511
bflhc__Octen-Embedding-8B,embedding,LLMBIOSSES,STS,0.843887
bflhc__Octen-Embedding-8B,embedding,LLMBanking77Classification,Classification,0.872952
bflhc__Octen-Embedding-8B,embedding,LLMBiorxivClusteringP2PV2,Clustering,0.616134
bflhc__Octen-Embedding-8B,embedding,LLMFQuADRetrieval,Retrieval,0.69
bflhc__Octen-Embedding-8B,embedding,LLMHC3FinanceRetrieval,Retrieval,0.66
bflhc__Octen-Embedding-8B,embedding,LLMImdbClassification,Classification,0.977
bflhc__Octen-Embedding-8B,embedding,LLMLegalBenchConsumerContractsQA,Retrieval,0.67
bflhc__Octen-Embedding-8B,embedding,LLMLegalBenchPC,PairClassification,0.7
bflhc__Octen-Embedding-8B,embedding,LLMMTOPDomainClassification,Classification,0.9815
bflhc__Octen-Embedding-8B,embedding,LLMMassiveIntentClassification,Classification,0.8571
bflhc__Octen-Embedding-8B,embedding,LLMMassiveScenarioClassification,Classification,0.893375
bflhc__Octen-Embedding-8B,embedding,LLMMedrxivClusteringP2PV2,Clustering,0.559253
bflhc__Octen-Embedding-8B,embedding,LLMMedrxivClusteringS2SV2,Clustering,0.532659
bflhc__Octen-Embedding-8B,embedding,LLMPublicHealthQA,Retrieval,0.81
bflhc__Octen-Embedding-8B,embedding,LLMRTE3PC,PairClassification,0.85447
bflhc__Octen-Embedding-8B,embedding,LLMRedditClusteringP2P,Clustering,0.787073
bflhc__Octen-Embedding-8B,embedding,LLMSICKR,STS,0.878794
bflhc__Octen-Embedding-8B,embedding,LLMSTS12,STS,0.87316
bflhc__Octen-Embedding-8B,embedding,LLMSTS13,STS,0.938528
bflhc__Octen-Embedding-8B,embedding,LLMSTS14,STS,0.909478
bflhc__Octen-Embedding-8B,embedding,LLMSTS15,STS,0.942643
bflhc__Octen-Embedding-8B,embedding,LLMSTS16,STS,0.92492
bflhc__Octen-Embedding-8B,embedding,LLMSTS17,STS,0.936304
bflhc__Octen-Embedding-8B,embedding,LLMSTS22v2,STS,0.694756
bflhc__Octen-Embedding-8B,embedding,LLMSTSBenchmark,STS,0.932476
bflhc__Octen-Embedding-8B,embedding,LLMSprintDuplicateQuestionsPC,PairClassification,0.994
bflhc__Octen-Embedding-8B,embedding,LLMStackExchangeClusteringP2PV2,Clustering,0.59726
bflhc__Octen-Embedding-8B,embedding,LLMStackExchangeClusteringV2,Clustering,0.85767
bflhc__Octen-Embedding-8B,embedding,LLMToxicConversationsClassification,Classification,0.919
bflhc__Octen-Embedding-8B,embedding,LLMTweetSentimentExtractionClassification,Classification,0.7794
bflhc__Octen-Embedding-8B,embedding,LLMTwentyNewsgroupsClusteringV2,Clustering,0.684672
bflhc__Octen-Embedding-8B,embedding,LLMTwitterHjerneRetrieval,Retrieval,0.29935
bflhc__Octen-Embedding-8B,embedding,LLMTwitterURLCorpusPC,PairClassification,0.894
codefuse-ai__F2LLM-v2-0.6B,embedding,LLMAILAStatutes,Retrieval,0.036
codefuse-ai__F2LLM-v2-0.6B,embedding,LLMAmazonCounterfactualClassification,Classification,0.594925
codefuse-ai__F2LLM-v2-0.6B,embedding,LLMArxivClusteringP2P,Clustering,0.617319
codefuse-ai__F2LLM-v2-0.6B,embedding,LLMArxivClusteringS2S,Clustering,0.585526
codefuse-ai__F2LLM-v2-0.6B,embedding,LLMBIOSSES,STS,0.878412
codefuse-ai__F2LLM-v2-0.6B,embedding,LLMBanking77Classification,Classification,0.738004
codefuse-ai__F2LLM-v2-0.6B,embedding,LLMBiorxivClusteringP2PV2,Clustering,0.711398
codefuse-ai__F2LLM-v2-0.6B,embedding,LLMFQuADRetrieval,Retrieval,0.56
codefuse-ai__F2LLM-v2-0.6B,embedding,LLMHC3FinanceRetrieval,Retrieval,0.52
codefuse-ai__F2LLM-v2-0.6B,embedding,LLMImdbClassification,Classification,0.7972
codefuse-ai__F2LLM-v2-0.6B,embedding,LLMLegalBenchConsumerContractsQA,Retrieval,0.54
codefuse-ai__F2LLM-v2-0.6B,embedding,LLMLegalBenchPC,PairClassification,0.708
codefuse-ai__F2LLM-v2-0.6B,embedding,LLMMTOPDomainClassification,Classification,0.973125
codefuse-ai__F2LLM-v2-0.6B,embedding,LLMMassiveIntentClassification,Classification,0.734
codefuse-ai__F2LLM-v2-0.6B,embedding,LLMMassiveScenarioClassification,Classification,0.872875
codefuse-ai__F2LLM-v2-0.6B,embedding,LLMMedrxivClusteringP2PV2,Clustering,0.586742
codefuse-ai__F2LLM-v2-0.6B,embedding,LLMMedrxivClusteringS2SV2,Clustering,0.545329
codefuse-ai__F2LLM-v2-0.6B,embedding,LLMPublicHealthQA,Retrieval,0.8
codefuse-ai__F2LLM-v2-0.6B,embedding,LLMRTE3PC,PairClassification,0.850312
codefuse-ai__F2LLM-v2-0.6B,embedding,LLMRedditClusteringP2P,Clustering,0.696958
codefuse-ai__F2LLM-v2-0.6B,embedding,LLMSICKR,STS,0.799779
codefuse-ai__F2LLM-v2-0.6B,embedding,LLMSTS12,STS,0.826623
codefuse-ai__F2LLM-v2-0.6B,embedding,LLMSTS13,STS,0.866887
codefuse-ai__F2LLM-v2-0.6B,embedding,LLMSTS14,STS,0.84106
codefuse-ai__F2LLM-v2-0.6B,embedding,LLMSTS15,STS,0.905528
codefuse-ai__F2LLM-v2-0.6B,embedding,LLMSTS16,STS,0.849041
codefuse-ai__F2LLM-v2-0.6B,embedding,LLMSTS17,STS,0.839859
codefuse-ai__F2LLM-v2-0.6B,embedding,LLMSTS22v2,STS,0.623043
codefuse-ai__F2LLM-v2-0.6B,embedding,LLMSTSBenchmark,STS,0.876194
codefuse-ai__F2LLM-v2-0.6B,embedding,LLMSprintDuplicateQuestionsPC,PairClassification,0.994
codefuse-ai__F2LLM-v2-0.6B,embedding,LLMStackExchangeClusteringP2PV2,Clustering,0.559995
codefuse-ai__F2LLM-v2-0.6B,embedding,LLMStackExchangeClusteringV2,Clustering,0.759795
codefuse-ai__F2LLM-v2-0.6B,embedding,LLMToxicConversationsClassification,Classification,0.5972
codefuse-ai__F2LLM-v2-0.6B,embedding,LLMTweetSentimentExtractionClassification,Classification,0.4896
codefuse-ai__F2LLM-v2-0.6B,embedding,LLMTwentyNewsgroupsClusteringV2,Clustering,0.598957
codefuse-ai__F2LLM-v2-0.6B,embedding,LLMTwitterHjerneRetrieval,Retrieval,0.26688
codefuse-ai__F2LLM-v2-0.6B,embedding,LLMTwitterURLCorpusPC,PairClassification,0.88
codefuse-ai__F2LLM-v2-1.7B,embedding,LLMAILAStatutes,Retrieval,0.054
codefuse-ai__F2LLM-v2-1.7B,embedding,LLMAmazonCounterfactualClassification,Classification,0.612239
codefuse-ai__F2LLM-v2-1.7B,embedding,LLMArxivClusteringP2P,Clustering,0.625836
codefuse-ai__F2LLM-v2-1.7B,embedding,LLMArxivClusteringS2S,Clustering,0.595954
codefuse-ai__F2LLM-v2-1.7B,embedding,LLMBIOSSES,STS,0.884665
codefuse-ai__F2LLM-v2-1.7B,embedding,LLMBanking77Classification,Classification,0.775813
codefuse-ai__F2LLM-v2-1.7B,embedding,LLMBiorxivClusteringP2PV2,Clustering,0.772534
codefuse-ai__F2LLM-v2-1.7B,embedding,LLMFQuADRetrieval,Retrieval,0.66
codefuse-ai__F2LLM-v2-1.7B,embedding,LLMHC3FinanceRetrieval,Retrieval,0.55
codefuse-ai__F2LLM-v2-1.7B,embedding,LLMImdbClassification,Classification,0.8338
codefuse-ai__F2LLM-v2-1.7B,embedding,LLMLegalBenchConsumerContractsQA,Retrieval,0.54
codefuse-ai__F2LLM-v2-1.7B,embedding,LLMLegalBenchPC,PairClassification,0.71
codefuse-ai__F2LLM-v2-1.7B,embedding,LLMMTOPDomainClassification,Classification,0.98275
codefuse-ai__F2LLM-v2-1.7B,embedding,LLMMassiveIntentClassification,Classification,0.7461
codefuse-ai__F2LLM-v2-1.7B,embedding,LLMMassiveScenarioClassification,Classification,0.875
codefuse-ai__F2LLM-v2-1.7B,embedding,LLMMedrxivClusteringP2PV2,Clustering,0.607255
codefuse-ai__F2LLM-v2-1.7B,embedding,LLMMedrxivClusteringS2SV2,Clustering,0.561266
codefuse-ai__F2LLM-v2-1.7B,embedding,LLMPublicHealthQA,Retrieval,0.82
codefuse-ai__F2LLM-v2-1.7B,embedding,LLMRTE3PC,PairClassification,0.848233
codefuse-ai__F2LLM-v2-1.7B,embedding,LLMRedditClusteringP2P,Clustering,0.744487
codefuse-ai__F2LLM-v2-1.7B,embedding,LLMSICKR,STS,0.813066
codefuse-ai__F2LLM-v2-1.7B,embedding,LLMSTS12,STS,0.825786
codefuse-ai__F2LLM-v2-1.7B,embedding,LLMSTS13,STS,0.867094
codefuse-ai__F2LLM-v2-1.7B,embedding,LLMSTS14,STS,0.845123
codefuse-ai__F2LLM-v2-1.7B,embedding,LLMSTS15,STS,0.912623
codefuse-ai__F2LLM-v2-1.7B,embedding,LLMSTS16,STS,0.852114
codefuse-ai__F2LLM-v2-1.7B,embedding,LLMSTS17,STS,0.877731
codefuse-ai__F2LLM-v2-1.7B,embedding,LLMSTS22v2,STS,0.629336
codefuse-ai__F2LLM-v2-1.7B,embedding,LLMSTSBenchmark,STS,0.876265
codefuse-ai__F2LLM-v2-1.7B,embedding,LLMSprintDuplicateQuestionsPC,PairClassification,0.996
codefuse-ai__F2LLM-v2-1.7B,embedding,LLMStackExchangeClusteringP2PV2,Clustering,0.551984
codefuse-ai__F2LLM-v2-1.7B,embedding,LLMStackExchangeClusteringV2,Clustering,0.755456
codefuse-ai__F2LLM-v2-1.7B,embedding,LLMToxicConversationsClassification,Classification,0.6106
codefuse-ai__F2LLM-v2-1.7B,embedding,LLMTweetSentimentExtractionClassification,Classification,0.5434
codefuse-ai__F2LLM-v2-1.7B,embedding,LLMTwentyNewsgroupsClusteringV2,Clustering,0.642009
codefuse-ai__F2LLM-v2-1.7B,embedding,LLMTwitterHjerneRetrieval,Retrieval,0.28788
codefuse-ai__F2LLM-v2-1.7B,embedding,LLMTwitterURLCorpusPC,PairClassification,0.89
codefuse-ai__F2LLM-v2-14B,embedding,LLMAILAStatutes,Retrieval,0.122
codefuse-ai__F2LLM-v2-14B,embedding,LLMAmazonCounterfactualClassification,Classification,0.641493
codefuse-ai__F2LLM-v2-14B,embedding,LLMArxivClusteringP2P,Clustering,0.631121
codefuse-ai__F2LLM-v2-14B,embedding,LLMArxivClusteringS2S,Clustering,0.606448
codefuse-ai__F2LLM-v2-14B,embedding,LLMBIOSSES,STS,0.881972
codefuse-ai__F2LLM-v2-14B,embedding,LLMBanking77Classification,Classification,0.846782
codefuse-ai__F2LLM-v2-14B,embedding,LLMBiorxivClusteringP2PV2,Clustering,0.755783
codefuse-ai__F2LLM-v2-14B,embedding,LLMFQuADRetrieval,Retrieval,0.63
codefuse-ai__F2LLM-v2-14B,embedding,LLMHC3FinanceRetrieval,Retrieval,0.67
codefuse-ai__F2LLM-v2-14B,embedding,LLMImdbClassification,Classification,0.9116
codefuse-ai__F2LLM-v2-14B,embedding,LLMLegalBenchConsumerContractsQA,Retrieval,0.54
codefuse-ai__F2LLM-v2-14B,embedding,LLMLegalBenchPC,PairClassification,0.72
codefuse-ai__F2LLM-v2-14B,embedding,LLMMTOPDomainClassification,Classification,0.988375
codefuse-ai__F2LLM-v2-14B,embedding,LLMMassiveIntentClassification,Classification,0.7765
codefuse-ai__F2LLM-v2-14B,embedding,LLMMassiveScenarioClassification,Classification,0.89425
codefuse-ai__F2LLM-v2-14B,embedding,LLMMedrxivClusteringP2PV2,Clustering,0.576984
codefuse-ai__F2LLM-v2-14B,embedding,LLMMedrxivClusteringS2SV2,Clustering,0.567129
codefuse-ai__F2LLM-v2-14B,embedding,LLMPublicHealthQA,Retrieval,0.85
codefuse-ai__F2LLM-v2-14B,embedding,LLMRTE3PC,PairClassification,0.848233
codefuse-ai__F2LLM-v2-14B,embedding,LLMRedditClusteringP2P,Clustering,0.779378
codefuse-ai__F2LLM-v2-14B,embedding,LLMSICKR,STS,0.827635
codefuse-ai__F2LLM-v2-14B,embedding,LLMSTS12,STS,0.824092
codefuse-ai__F2LLM-v2-14B,embedding,LLMSTS13,STS,0.869419
codefuse-ai__F2LLM-v2-14B,embedding,LLMSTS14,STS,0.847747
codefuse-ai__F2LLM-v2-14B,embedding,LLMSTS15,STS,0.913048
codefuse-ai__F2LLM-v2-14B,embedding,LLMSTS16,STS,0.856181
codefuse-ai__F2LLM-v2-14B,embedding,LLMSTS17,STS,0.888933
codefuse-ai__F2LLM-v2-14B,embedding,LLMSTS22v2,STS,0.63435
codefuse-ai__F2LLM-v2-14B,embedding,LLMSTSBenchmark,STS,0.8698
codefuse-ai__F2LLM-v2-14B,embedding,LLMSprintDuplicateQuestionsPC,PairClassification,0.996
codefuse-ai__F2LLM-v2-14B,embedding,LLMStackExchangeClusteringP2PV2,Clustering,0.571724
codefuse-ai__F2LLM-v2-14B,embedding,LLMStackExchangeClusteringV2,Clustering,0.810859
codefuse-ai__F2LLM-v2-14B,embedding,LLMToxicConversationsClassification,Classification,0.5872
codefuse-ai__F2LLM-v2-14B,embedding,LLMTweetSentimentExtractionClassification,Classification,0.5674
codefuse-ai__F2LLM-v2-14B,embedding,LLMTwentyNewsgroupsClusteringV2,Clustering,0.688166
codefuse-ai__F2LLM-v2-14B,embedding,LLMTwitterHjerneRetrieval,Retrieval,0.31494
codefuse-ai__F2LLM-v2-14B,embedding,LLMTwitterURLCorpusPC,PairClassification,0.886
codefuse-ai__F2LLM-v2-4B,embedding,LLMAILAStatutes,Retrieval,0.081
codefuse-ai__F2LLM-v2-4B,embedding,LLMAmazonCounterfactualClassification,Classification,0.613433
codefuse-ai__F2LLM-v2-4B,embedding,LLMArxivClusteringP2P,Clustering,0.612919
codefuse-ai__F2LLM-v2-4B,embedding,LLMArxivClusteringS2S,Clustering,0.592338
codefuse-ai__F2LLM-v2-4B,embedding,LLMBIOSSES,STS,0.875399
codefuse-ai__F2LLM-v2-4B,embedding,LLMBanking77Classification,Classification,0.821586
codefuse-ai__F2LLM-v2-4B,embedding,LLMBiorxivClusteringP2PV2,Clustering,0.742173
codefuse-ai__F2LLM-v2-4B,embedding,LLMFQuADRetrieval,Retrieval,0.64
codefuse-ai__F2LLM-v2-4B,embedding,LLMHC3FinanceRetrieval,Retrieval,0.62
codefuse-ai__F2LLM-v2-4B,embedding,LLMImdbClassification,Classification,0.8638
codefuse-ai__F2LLM-v2-4B,embedding,LLMLegalBenchConsumerContractsQA,Retrieval,0.53
codefuse-ai__F2LLM-v2-4B,embedding,LLMLegalBenchPC,PairClassification,0.706
codefuse-ai__F2LLM-v2-4B,embedding,LLMMTOPDomainClassification,Classification,0.98975
codefuse-ai__F2LLM-v2-4B,embedding,LLMMassiveIntentClassification,Classification,0.723
codefuse-ai__F2LLM-v2-4B,embedding,LLMMassiveScenarioClassification,Classification,0.865
codefuse-ai__F2LLM-v2-4B,embedding,LLMMedrxivClusteringP2PV2,Clustering,0.598126
codefuse-ai__F2LLM-v2-4B,embedding,LLMMedrxivClusteringS2SV2,Clustering,0.547295
codefuse-ai__F2LLM-v2-4B,embedding,LLMPublicHealthQA,Retrieval,0.83
codefuse-ai__F2LLM-v2-4B,embedding,LLMRTE3PC,PairClassification,0.848233
codefuse-ai__F2LLM-v2-4B,embedding,LLMRedditClusteringP2P,Clustering,0.744294
codefuse-ai__F2LLM-v2-4B,embedding,LLMSICKR,STS,0.819498
codefuse-ai__F2LLM-v2-4B,embedding,LLMSTS12,STS,0.822655
codefuse-ai__F2LLM-v2-4B,embedding,LLMSTS13,STS,0.861409
codefuse-ai__F2LLM-v2-4B,embedding,LLMSTS14,STS,0.837539
codefuse-ai__F2LLM-v2-4B,embedding,LLMSTS15,STS,0.914863
codefuse-ai__F2LLM-v2-4B,embedding,LLMSTS16,STS,0.852448
codefuse-ai__F2LLM-v2-4B,embedding,LLMSTS17,STS,0.878578
codefuse-ai__F2LLM-v2-4B,embedding,LLMSTS22v2,STS,0.627685
codefuse-ai__F2LLM-v2-4B,embedding,LLMSTSBenchmark,STS,0.871144
codefuse-ai__F2LLM-v2-4B,embedding,LLMSprintDuplicateQuestionsPC,PairClassification,0.998
codefuse-ai__F2LLM-v2-4B,embedding,LLMStackExchangeClusteringP2PV2,Clustering,0.552243
codefuse-ai__F2LLM-v2-4B,embedding,LLMStackExchangeClusteringV2,Clustering,0.798729
codefuse-ai__F2LLM-v2-4B,embedding,LLMToxicConversationsClassification,Classification,0.6066
codefuse-ai__F2LLM-v2-4B,embedding,LLMTweetSentimentExtractionClassification,Classification,0.5416
codefuse-ai__F2LLM-v2-4B,embedding,LLMTwentyNewsgroupsClusteringV2,Clustering,0.638534
codefuse-ai__F2LLM-v2-4B,embedding,LLMTwitterHjerneRetrieval,Retrieval,0.29437
codefuse-ai__F2LLM-v2-4B,embedding,LLMTwitterURLCorpusPC,PairClassification,0.884
codefuse-ai__F2LLM-v2-8B,embedding,LLMAILAStatutes,Retrieval,0.089
codefuse-ai__F2LLM-v2-8B,embedding,LLMAmazonCounterfactualClassification,Classification,0.631343
codefuse-ai__F2LLM-v2-8B,embedding,LLMArxivClusteringP2P,Clustering,0.616513
codefuse-ai__F2LLM-v2-8B,embedding,LLMArxivClusteringS2S,Clustering,0.608773
codefuse-ai__F2LLM-v2-8B,embedding,LLMBIOSSES,STS,0.887755
codefuse-ai__F2LLM-v2-8B,embedding,LLMBanking77Classification,Classification,0.835728
codefuse-ai__F2LLM-v2-8B,embedding,LLMBiorxivClusteringP2PV2,Clustering,0.755206
codefuse-ai__F2LLM-v2-8B,embedding,LLMFQuADRetrieval,Retrieval,0.63
codefuse-ai__F2LLM-v2-8B,embedding,LLMHC3FinanceRetrieval,Retrieval,0.63
codefuse-ai__F2LLM-v2-8B,embedding,LLMImdbClassification,Classification,0.8734
codefuse-ai__F2LLM-v2-8B,embedding,LLMLegalBenchConsumerContractsQA,Retrieval,0.51
codefuse-ai__F2LLM-v2-8B,embedding,LLMLegalBenchPC,PairClassification,0.72
codefuse-ai__F2LLM-v2-8B,embedding,LLMMTOPDomainClassification,Classification,0.9895
codefuse-ai__F2LLM-v2-8B,embedding,LLMMassiveIntentClassification,Classification,0.7218
codefuse-ai__F2LLM-v2-8B,embedding,LLMMassiveScenarioClassification,Classification,0.857625
codefuse-ai__F2LLM-v2-8B,embedding,LLMMedrxivClusteringP2PV2,Clustering,0.59169
codefuse-ai__F2LLM-v2-8B,embedding,LLMMedrxivClusteringS2SV2,Clustering,0.54426
codefuse-ai__F2LLM-v2-8B,embedding,LLMPublicHealthQA,Retrieval,0.85
codefuse-ai__F2LLM-v2-8B,embedding,LLMRTE3PC,PairClassification,0.848233
codefuse-ai__F2LLM-v2-8B,embedding,LLMRedditClusteringP2P,Clustering,0.752979
codefuse-ai__F2LLM-v2-8B,embedding,LLMSICKR,STS,0.82403
codefuse-ai__F2LLM-v2-8B,embedding,LLMSTS12,STS,0.813374
codefuse-ai__F2LLM-v2-8B,embedding,LLMSTS13,STS,0.866004
codefuse-ai__F2LLM-v2-8B,embedding,LLMSTS14,STS,0.837595
codefuse-ai__F2LLM-v2-8B,embedding,LLMSTS15,STS,0.913342
codefuse-ai__F2LLM-v2-8B,embedding,LLMSTS16,STS,0.854148
codefuse-ai__F2LLM-v2-8B,embedding,LLMSTS17,STS,0.892576
codefuse-ai__F2LLM-v2-8B,embedding,LLMSTS22v2,STS,0.631572
codefuse-ai__F2LLM-v2-8B,embedding,LLMSTSBenchmark,STS,0.865246
codefuse-ai__F2LLM-v2-8B,embedding,LLMSprintDuplicateQuestionsPC,PairClassification,0.996
codefuse-ai__F2LLM-v2-8B,embedding,LLMStackExchangeClusteringP2PV2,Clustering,0.582168
codefuse-ai__F2LLM-v2-8B,embedding,LLMStackExchangeClusteringV2,Clustering,0.811501
codefuse-ai__F2LLM-v2-8B,embedding,LLMToxicConversationsClassification,Classification,0.593
codefuse-ai__F2LLM-v2-8B,embedding,LLMTweetSentimentExtractionClassification,Classification,0.514
codefuse-ai__F2LLM-v2-8B,embedding,LLMTwentyNewsgroupsClusteringV2,Clustering,0.658194
codefuse-ai__F2LLM-v2-8B,embedding,LLMTwitterHjerneRetrieval,Retrieval,0.28896
codefuse-ai__F2LLM-v2-8B,embedding,LLMTwitterURLCorpusPC,PairClassification,0.88
google__embeddinggemma-300m,embedding,LLMAILAStatutes,Retrieval,0.055
google__embeddinggemma-300m,embedding,LLMAmazonCounterfactualClassification,Classification,0.895522
google__embeddinggemma-300m,embedding,LLMArxivClusteringP2P,Clustering,0.579499
google__embeddinggemma-300m,embedding,LLMArxivClusteringS2S,Clustering,0.539447
google__embeddinggemma-300m,embedding,LLMBIOSSES,STS,0.832115
google__embeddinggemma-300m,embedding,LLMBanking77Classification,Classification,0.916385
google__embeddinggemma-300m,embedding,LLMBiorxivClusteringP2PV2,Clustering,0.627812
google__embeddinggemma-300m,embedding,LLMFQuADRetrieval,Retrieval,0.72
google__embeddinggemma-300m,embedding,LLMHC3FinanceRetrieval,Retrieval,0.42
google__embeddinggemma-300m,embedding,LLMImdbClassification,Classification,0.9194
google__embeddinggemma-300m,embedding,LLMLegalBenchConsumerContractsQA,Retrieval,0.62
google__embeddinggemma-300m,embedding,LLMLegalBenchPC,PairClassification,0.71
google__embeddinggemma-300m,embedding,LLMMTOPDomainClassification,Classification,0.986125
google__embeddinggemma-300m,embedding,LLMMassiveIntentClassification,Classification,0.856
google__embeddinggemma-300m,embedding,LLMMassiveScenarioClassification,Classification,0.91625
google__embeddinggemma-300m,embedding,LLMMedrxivClusteringP2PV2,Clustering,0.543872
google__embeddinggemma-300m,embedding,LLMMedrxivClusteringS2SV2,Clustering,0.509507
google__embeddinggemma-300m,embedding,LLMPublicHealthQA,Retrieval,0.78
google__embeddinggemma-300m,embedding,LLMRTE3PC,PairClassification,0.848233
google__embeddinggemma-300m,embedding,LLMRedditClusteringP2P,Clustering,0.75947
google__embeddinggemma-300m,embedding,LLMSICKR,STS,0.819248
google__embeddinggemma-300m,embedding,LLMSTS12,STS,0.790868
google__embeddinggemma-300m,embedding,LLMSTS13,STS,0.855413
google__embeddinggemma-300m,embedding,LLMSTS14,STS,0.84514
google__embeddinggemma-300m,embedding,LLMSTS15,STS,0.891525
google__embeddinggemma-300m,embedding,LLMSTS16,STS,0.846994
google__embeddinggemma-300m,embedding,LLMSTS17,STS,0.865645
google__embeddinggemma-300m,embedding,LLMSTS22v2,STS,0.572973
google__embeddinggemma-300m,embedding,LLMSTSBenchmark,STS,0.888447
google__embeddinggemma-300m,embedding,LLMSprintDuplicateQuestionsPC,PairClassification,0.996
google__embeddinggemma-300m,embedding,LLMStackExchangeClusteringP2PV2,Clustering,0.519127
google__embeddinggemma-300m,embedding,LLMStackExchangeClusteringV2,Clustering,0.736825
google__embeddinggemma-300m,embedding,LLMToxicConversationsClassification,Classification,0.8338
google__embeddinggemma-300m,embedding,LLMTweetSentimentExtractionClassification,Classification,0.5978
google__embeddinggemma-300m,embedding,LLMTwentyNewsgroupsClusteringV2,Clustering,0.51818
google__embeddinggemma-300m,embedding,LLMTwitterHjerneRetrieval,Retrieval,0.24199
google__embeddinggemma-300m,embedding,LLMTwitterURLCorpusPC,PairClassification,0.886
intfloat__e5-mistral-7b-instruct,embedding,LLMAILAStatutes,Retrieval,0.027
intfloat__e5-mistral-7b-instruct,embedding,LLMAmazonCounterfactualClassification,Classification,0.717612
intfloat__e5-mistral-7b-instruct,embedding,LLMArxivClusteringP2P,Clustering,0.511962
intfloat__e5-mistral-7b-instruct,embedding,LLMArxivClusteringS2S,Clustering,0.446112
intfloat__e5-mistral-7b-instruct,embedding,LLMBIOSSES,STS,0.54691
intfloat__e5-mistral-7b-instruct,embedding,LLMBanking77Classification,Classification,0.714012
intfloat__e5-mistral-7b-instruct,embedding,LLMBiorxivClusteringP2PV2,Clustering,0.499256
intfloat__e5-mistral-7b-instruct,embedding,LLMFQuADRetrieval,Retrieval,0.29
intfloat__e5-mistral-7b-instruct,embedding,LLMHC3FinanceRetrieval,Retrieval,0.21
intfloat__e5-mistral-7b-instruct,embedding,LLMImdbClassification,Classification,0.9164
intfloat__e5-mistral-7b-instruct,embedding,LLMLegalBenchConsumerContractsQA,Retrieval,0.17
intfloat__e5-mistral-7b-instruct,embedding,LLMLegalBenchPC,PairClassification,0.66
intfloat__e5-mistral-7b-instruct,embedding,LLMMTOPDomainClassification,Classification,0.792625
intfloat__e5-mistral-7b-instruct,embedding,LLMMassiveIntentClassification,Classification,0.6578
intfloat__e5-mistral-7b-instruct,embedding,LLMMassiveScenarioClassification,Classification,0.73425
intfloat__e5-mistral-7b-instruct,embedding,LLMMedrxivClusteringP2PV2,Clustering,0.456219
intfloat__e5-mistral-7b-instruct,embedding,LLMMedrxivClusteringS2SV2,Clustering,0.400058
intfloat__e5-mistral-7b-instruct,embedding,LLMPublicHealthQA,Retrieval,0.47
intfloat__e5-mistral-7b-instruct,embedding,LLMRTE3PC,PairClassification,0.848233
intfloat__e5-mistral-7b-instruct,embedding,LLMRedditClusteringP2P,Clustering,0.546552
intfloat__e5-mistral-7b-instruct,embedding,LLMSICKR,STS,0.556839
intfloat__e5-mistral-7b-instruct,embedding,LLMSTS12,STS,0.458999
intfloat__e5-mistral-7b-instruct,embedding,LLMSTS13,STS,0.520517
intfloat__e5-mistral-7b-instruct,embedding,LLMSTS14,STS,0.433838
intfloat__e5-mistral-7b-instruct,embedding,LLMSTS15,STS,0.502263
intfloat__e5-mistral-7b-instruct,embedding,LLMSTS16,STS,0.78959
intfloat__e5-mistral-7b-instruct,embedding,LLMSTS17,STS,0.624803
intfloat__e5-mistral-7b-instruct,embedding,LLMSTS22v2,STS,-0.21355
intfloat__e5-mistral-7b-instruct,embedding,LLMSTSBenchmark,STS,0.755355
intfloat__e5-mistral-7b-instruct,embedding,LLMSprintDuplicateQuestionsPC,PairClassification,0.734
intfloat__e5-mistral-7b-instruct,embedding,LLMStackExchangeClusteringP2PV2,Clustering,0.373448
intfloat__e5-mistral-7b-instruct,embedding,LLMStackExchangeClusteringV2,Clustering,0.653452
intfloat__e5-mistral-7b-instruct,embedding,LLMToxicConversationsClassification,Classification,0.6218
intfloat__e5-mistral-7b-instruct,embedding,LLMTweetSentimentExtractionClassification,Classification,0.449
intfloat__e5-mistral-7b-instruct,embedding,LLMTwentyNewsgroupsClusteringV2,Clustering,0.423683
intfloat__e5-mistral-7b-instruct,embedding,LLMTwitterHjerneRetrieval,Retrieval,0.07056
intfloat__e5-mistral-7b-instruct,embedding,LLMTwitterURLCorpusPC,PairClassification,0.674
intfloat__multilingual-e5-base,embedding,LLMAILAStatutes,Retrieval,0.032
intfloat__multilingual-e5-base,embedding,LLMAmazonCounterfactualClassification,Classification,0.795522
intfloat__multilingual-e5-base,embedding,LLMArxivClusteringP2P,Clustering,0.448637
intfloat__multilingual-e5-base,embedding,LLMArxivClusteringS2S,Clustering,0.401888
intfloat__multilingual-e5-base,embedding,LLMBIOSSES,STS,0.861706
intfloat__multilingual-e5-base,embedding,LLMBanking77Classification,Classification,0.736704
intfloat__multilingual-e5-base,embedding,LLMBiorxivClusteringP2PV2,Clustering,0.461566
intfloat__multilingual-e5-base,embedding,LLMFQuADRetrieval,Retrieval,0.64
intfloat__multilingual-e5-base,embedding,LLMHC3FinanceRetrieval,Retrieval,0.28
intfloat__multilingual-e5-base,embedding,LLMImdbClassification,Classification,0.8546
intfloat__multilingual-e5-base,embedding,LLMLegalBenchConsumerContractsQA,Retrieval,0.47
intfloat__multilingual-e5-base,embedding,LLMLegalBenchPC,PairClassification,0.656
intfloat__multilingual-e5-base,embedding,LLMMTOPDomainClassification,Classification,0.906
intfloat__multilingual-e5-base,embedding,LLMMassiveIntentClassification,Classification,0.6612
intfloat__multilingual-e5-base,embedding,LLMMassiveScenarioClassification,Classification,0.71325
intfloat__multilingual-e5-base,embedding,LLMMedrxivClusteringP2PV2,Clustering,0.431476
intfloat__multilingual-e5-base,embedding,LLMMedrxivClusteringS2SV2,Clustering,0.44319
intfloat__multilingual-e5-base,embedding,LLMPublicHealthQA,Retrieval,0.68
intfloat__multilingual-e5-base,embedding,LLMRTE3PC,PairClassification,0.848233
intfloat__multilingual-e5-base,embedding,LLMRedditClusteringP2P,Clustering,0.648311
intfloat__multilingual-e5-base,embedding,LLMSICKR,STS,0.789222
intfloat__multilingual-e5-base,embedding,LLMSTS12,STS,0.791025
intfloat__multilingual-e5-base,embedding,LLMSTS13,STS,0.75925
intfloat__multilingual-e5-base,embedding,LLMSTS14,STS,0.791523
intfloat__multilingual-e5-base,embedding,LLMSTS15,STS,0.887327
intfloat__multilingual-e5-base,embedding,LLMSTS16,STS,0.820104
intfloat__multilingual-e5-base,embedding,LLMSTS17,STS,0.815786
intfloat__multilingual-e5-base,embedding,LLMSTS22v2,STS,0.559701
intfloat__multilingual-e5-base,embedding,LLMSTSBenchmark,STS,0.844593
intfloat__multilingual-e5-base,embedding,LLMSprintDuplicateQuestionsPC,PairClassification,0.982
intfloat__multilingual-e5-base,embedding,LLMStackExchangeClusteringP2PV2,Clustering,0.426329
intfloat__multilingual-e5-base,embedding,LLMStackExchangeClusteringV2,Clustering,0.575989
intfloat__multilingual-e5-base,embedding,LLMToxicConversationsClassification,Classification,0.5714
intfloat__multilingual-e5-base,embedding,LLMTweetSentimentExtractionClassification,Classification,0.5162
intfloat__multilingual-e5-base,embedding,LLMTwentyNewsgroupsClusteringV2,Clustering,0.433925
intfloat__multilingual-e5-base,embedding,LLMTwitterHjerneRetrieval,Retrieval,0.23463
intfloat__multilingual-e5-base,embedding,LLMTwitterURLCorpusPC,PairClassification,0.886
intfloat__multilingual-e5-large,embedding,LLMAILAStatutes,Retrieval,0.049
intfloat__multilingual-e5-large,embedding,LLMAmazonCounterfactualClassification,Classification,0.790746
intfloat__multilingual-e5-large,embedding,LLMArxivClusteringP2P,Clustering,0.458097
intfloat__multilingual-e5-large,embedding,LLMArxivClusteringS2S,Clustering,0.396584
intfloat__multilingual-e5-large,embedding,LLMBIOSSES,STS,0.845881
intfloat__multilingual-e5-large,embedding,LLMBanking77Classification,Classification,0.752796
intfloat__multilingual-e5-large,embedding,LLMBiorxivClusteringP2PV2,Clustering,0.526632
intfloat__multilingual-e5-large,embedding,LLMFQuADRetrieval,Retrieval,0.69
intfloat__multilingual-e5-large,embedding,LLMHC3FinanceRetrieval,Retrieval,0.4
intfloat__multilingual-e5-large,embedding,LLMImdbClassification,Classification,0.8922
intfloat__multilingual-e5-large,embedding,LLMLegalBenchConsumerContractsQA,Retrieval,0.51
intfloat__multilingual-e5-large,embedding,LLMLegalBenchPC,PairClassification,0.64
intfloat__multilingual-e5-large,embedding,LLMMTOPDomainClassification,Classification,0.91425
intfloat__multilingual-e5-large,embedding,LLMMassiveIntentClassification,Classification,0.6866
intfloat__multilingual-e5-large,embedding,LLMMassiveScenarioClassification,Classification,0.728125
intfloat__multilingual-e5-large,embedding,LLMMedrxivClusteringP2PV2,Clustering,0.43184
intfloat__multilingual-e5-large,embedding,LLMMedrxivClusteringS2SV2,Clustering,0.43901
intfloat__multilingual-e5-large,embedding,LLMPublicHealthQA,Retrieval,0.73
intfloat__multilingual-e5-large,embedding,LLMRTE3PC,PairClassification,0.850312
intfloat__multilingual-e5-large,embedding,LLMRedditClusteringP2P,Clustering,0.656218
intfloat__multilingual-e5-large,embedding,LLMSICKR,STS,0.805227
intfloat__multilingual-e5-large,embedding,LLMSTS12,STS,0.809123
intfloat__multilingual-e5-large,embedding,LLMSTS13,STS,0.75586
intfloat__multilingual-e5-large,embedding,LLMSTS14,STS,0.786668
intfloat__multilingual-e5-large,embedding,LLMSTS15,STS,0.89708
intfloat__multilingual-e5-large,embedding,LLMSTS16,STS,0.83578
intfloat__multilingual-e5-large,embedding,LLMSTS17,STS,0.854358
intfloat__multilingual-e5-large,embedding,LLMSTS22v2,STS,0.58452
intfloat__multilingual-e5-large,embedding,LLMSTSBenchmark,STS,0.85801
intfloat__multilingual-e5-large,embedding,LLMSprintDuplicateQuestionsPC,PairClassification,0.984
intfloat__multilingual-e5-large,embedding,LLMStackExchangeClusteringP2PV2,Clustering,0.436785
intfloat__multilingual-e5-large,embedding,LLMStackExchangeClusteringV2,Clustering,0.563918
intfloat__multilingual-e5-large,embedding,LLMToxicConversationsClassification,Classification,0.5812
intfloat__multilingual-e5-large,embedding,LLMTweetSentimentExtractionClassification,Classification,0.5182
intfloat__multilingual-e5-large,embedding,LLMTwentyNewsgroupsClusteringV2,Clustering,0.438525
intfloat__multilingual-e5-large,embedding,LLMTwitterHjerneRetrieval,Retrieval,0.23874
intfloat__multilingual-e5-large,embedding,LLMTwitterURLCorpusPC,PairClassification,0.882
intfloat__multilingual-e5-large-instruct,embedding,LLMAILAStatutes,Retrieval,0.065
intfloat__multilingual-e5-large-instruct,embedding,LLMAmazonCounterfactualClassification,Classification,0.690746
intfloat__multilingual-e5-large-instruct,embedding,LLMArxivClusteringP2P,Clustering,0.559778
intfloat__multilingual-e5-large-instruct,embedding,LLMArxivClusteringS2S,Clustering,0.529702
intfloat__multilingual-e5-large-instruct,embedding,LLMBIOSSES,STS,0.869917
intfloat__multilingual-e5-large-instruct,embedding,LLMBanking77Classification,Classification,0.773732
intfloat__multilingual-e5-large-instruct,embedding,LLMBiorxivClusteringP2PV2,Clustering,0.57792
intfloat__multilingual-e5-large-instruct,embedding,LLMFQuADRetrieval,Retrieval,0.68
intfloat__multilingual-e5-large-instruct,embedding,LLMHC3FinanceRetrieval,Retrieval,0.44
intfloat__multilingual-e5-large-instruct,embedding,LLMImdbClassification,Classification,0.9642
intfloat__multilingual-e5-large-instruct,embedding,LLMLegalBenchConsumerContractsQA,Retrieval,0.5
intfloat__multilingual-e5-large-instruct,embedding,LLMLegalBenchPC,PairClassification,0.708
intfloat__multilingual-e5-large-instruct,embedding,LLMMTOPDomainClassification,Classification,0.916
intfloat__multilingual-e5-large-instruct,embedding,LLMMassiveIntentClassification,Classification,0.6996
intfloat__multilingual-e5-large-instruct,embedding,LLMMassiveScenarioClassification,Classification,0.69075
intfloat__multilingual-e5-large-instruct,embedding,LLMMedrxivClusteringP2PV2,Clustering,0.518684
intfloat__multilingual-e5-large-instruct,embedding,LLMMedrxivClusteringS2SV2,Clustering,0.512261
intfloat__multilingual-e5-large-instruct,embedding,LLMPublicHealthQA,Retrieval,0.73
intfloat__multilingual-e5-large-instruct,embedding,LLMRTE3PC,PairClassification,0.848233
intfloat__multilingual-e5-large-instruct,embedding,LLMRedditClusteringP2P,Clustering,0.717154
intfloat__multilingual-e5-large-instruct,embedding,LLMSICKR,STS,0.818312
intfloat__multilingual-e5-large-instruct,embedding,LLMSTS12,STS,0.834704
intfloat__multilingual-e5-large-instruct,embedding,LLMSTS13,STS,0.868176
intfloat__multilingual-e5-large-instruct,embedding,LLMSTS14,STS,0.851217
intfloat__multilingual-e5-large-instruct,embedding,LLMSTS15,STS,0.917961
intfloat__multilingual-e5-large-instruct,embedding,LLMSTS16,STS,0.866171
intfloat__multilingual-e5-large-instruct,embedding,LLMSTS17,STS,0.869927
intfloat__multilingual-e5-large-instruct,embedding,LLMSTS22v2,STS,0.608495
intfloat__multilingual-e5-large-instruct,embedding,LLMSTSBenchmark,STS,0.890076
intfloat__multilingual-e5-large-instruct,embedding,LLMSprintDuplicateQuestionsPC,PairClassification,0.996
intfloat__multilingual-e5-large-instruct,embedding,LLMStackExchangeClusteringP2PV2,Clustering,0.532639
intfloat__multilingual-e5-large-instruct,embedding,LLMStackExchangeClusteringV2,Clustering,0.768613
intfloat__multilingual-e5-large-instruct,embedding,LLMToxicConversationsClassification,Classification,0.6482
intfloat__multilingual-e5-large-instruct,embedding,LLMTweetSentimentExtractionClassification,Classification,0.568
intfloat__multilingual-e5-large-instruct,embedding,LLMTwentyNewsgroupsClusteringV2,Clustering,0.602167
intfloat__multilingual-e5-large-instruct,embedding,LLMTwitterHjerneRetrieval,Retrieval,0.27597
intfloat__multilingual-e5-large-instruct,embedding,LLMTwitterURLCorpusPC,PairClassification,0.892
intfloat__multilingual-e5-small,embedding,LLMAILAStatutes,Retrieval,0.036
intfloat__multilingual-e5-small,embedding,LLMAmazonCounterfactualClassification,Classification,0.71791
intfloat__multilingual-e5-small,embedding,LLMArxivClusteringP2P,Clustering,0.42516
intfloat__multilingual-e5-small,embedding,LLMArxivClusteringS2S,Clustering,0.398825
intfloat__multilingual-e5-small,embedding,LLMBIOSSES,STS,0.844164
intfloat__multilingual-e5-small,embedding,LLMBanking77Classification,Classification,0.705592
intfloat__multilingual-e5-small,embedding,LLMBiorxivClusteringP2PV2,Clustering,0.482386
intfloat__multilingual-e5-small,embedding,LLMFQuADRetrieval,Retrieval,0.57
intfloat__multilingual-e5-small,embedding,LLMHC3FinanceRetrieval,Retrieval,0.26
intfloat__multilingual-e5-small,embedding,LLMImdbClassification,Classification,0.7968
intfloat__multilingual-e5-small,embedding,LLMLegalBenchConsumerContractsQA,Retrieval,0.43
intfloat__multilingual-e5-small,embedding,LLMLegalBenchPC,PairClassification,0.622
intfloat__multilingual-e5-small,embedding,LLMMTOPDomainClassification,Classification,0.890875
intfloat__multilingual-e5-small,embedding,LLMMassiveIntentClassification,Classification,0.6556
intfloat__multilingual-e5-small,embedding,LLMMassiveScenarioClassification,Classification,0.69075
intfloat__multilingual-e5-small,embedding,LLMMedrxivClusteringP2PV2,Clustering,0.455022
intfloat__multilingual-e5-small,embedding,LLMMedrxivClusteringS2SV2,Clustering,0.442703
intfloat__multilingual-e5-small,embedding,LLMPublicHealthQA,Retrieval,0.64
intfloat__multilingual-e5-small,embedding,LLMRTE3PC,PairClassification,0.852391
intfloat__multilingual-e5-small,embedding,LLMRedditClusteringP2P,Clustering,0.655059
intfloat__multilingual-e5-small,embedding,LLMSICKR,STS,0.779705
intfloat__multilingual-e5-small,embedding,LLMSTS12,STS,0.78304
intfloat__multilingual-e5-small,embedding,LLMSTS13,STS,0.778728
intfloat__multilingual-e5-small,embedding,LLMSTS14,STS,0.779056
intfloat__multilingual-e5-small,embedding,LLMSTS15,STS,0.879404
intfloat__multilingual-e5-small,embedding,LLMSTS16,STS,0.8256
intfloat__multilingual-e5-small,embedding,LLMSTS17,STS,0.770185
intfloat__multilingual-e5-small,embedding,LLMSTS22v2,STS,0.568063
intfloat__multilingual-e5-small,embedding,LLMSTSBenchmark,STS,0.842057
intfloat__multilingual-e5-small,embedding,LLMSprintDuplicateQuestionsPC,PairClassification,0.992
intfloat__multilingual-e5-small,embedding,LLMStackExchangeClusteringP2PV2,Clustering,0.418887
intfloat__multilingual-e5-small,embedding,LLMStackExchangeClusteringV2,Clustering,0.579667
intfloat__multilingual-e5-small,embedding,LLMToxicConversationsClassification,Classification,0.5938
intfloat__multilingual-e5-small,embedding,LLMTweetSentimentExtractionClassification,Classification,0.5292
intfloat__multilingual-e5-small,embedding,LLMTwentyNewsgroupsClusteringV2,Clustering,0.43217
intfloat__multilingual-e5-small,embedding,LLMTwitterHjerneRetrieval,Retrieval,0.20909
intfloat__multilingual-e5-small,embedding,LLMTwitterURLCorpusPC,PairClassification,0.89
jinaai__jina-embeddings-v5-text-nano,embedding,LLMAILAStatutes,Retrieval,0.126
jinaai__jina-embeddings-v5-text-nano,embedding,LLMAmazonCounterfactualClassification,Classification,0.913134
jinaai__jina-embeddings-v5-text-nano,embedding,LLMArxivClusteringP2P,Clustering,0.591177
jinaai__jina-embeddings-v5-text-nano,embedding,LLMArxivClusteringS2S,Clustering,0.553637
jinaai__jina-embeddings-v5-text-nano,embedding,LLMBIOSSES,STS,0.874086
jinaai__jina-embeddings-v5-text-nano,embedding,LLMBanking77Classification,Classification,0.901983
jinaai__jina-embeddings-v5-text-nano,embedding,LLMBiorxivClusteringP2PV2,Clustering,0.615726
jinaai__jina-embeddings-v5-text-nano,embedding,LLMFQuADRetrieval,Retrieval,0.65
jinaai__jina-embeddings-v5-text-nano,embedding,LLMHC3FinanceRetrieval,Retrieval,0.44
jinaai__jina-embeddings-v5-text-nano,embedding,LLMImdbClassification,Classification,0.955
jinaai__jina-embeddings-v5-text-nano,embedding,LLMLegalBenchConsumerContractsQA,Retrieval,0.61
jinaai__jina-embeddings-v5-text-nano,embedding,LLMLegalBenchPC,PairClassification,0.688
jinaai__jina-embeddings-v5-text-nano,embedding,LLMMTOPDomainClassification,Classification,0.980375
jinaai__jina-embeddings-v5-text-nano,embedding,LLMMassiveIntentClassification,Classification,0.8843
jinaai__jina-embeddings-v5-text-nano,embedding,LLMMassiveScenarioClassification,Classification,0.93
jinaai__jina-embeddings-v5-text-nano,embedding,LLMMedrxivClusteringP2PV2,Clustering,0.545732
jinaai__jina-embeddings-v5-text-nano,embedding,LLMMedrxivClusteringS2SV2,Clustering,0.521236
jinaai__jina-embeddings-v5-text-nano,embedding,LLMPublicHealthQA,Retrieval,0.74
jinaai__jina-embeddings-v5-text-nano,embedding,LLMRTE3PC,PairClassification,0.850312
jinaai__jina-embeddings-v5-text-nano,embedding,LLMRedditClusteringP2P,Clustering,0.674253
jinaai__jina-embeddings-v5-text-nano,embedding,LLMSICKR,STS,0.910785
jinaai__jina-embeddings-v5-text-nano,embedding,LLMSTS12,STS,0.86235
jinaai__jina-embeddings-v5-text-nano,embedding,LLMSTS13,STS,0.898658
jinaai__jina-embeddings-v5-text-nano,embedding,LLMSTS14,STS,0.892133
jinaai__jina-embeddings-v5-text-nano,embedding,LLMSTS15,STS,0.931452
jinaai__jina-embeddings-v5-text-nano,embedding,LLMSTS16,STS,0.854238
jinaai__jina-embeddings-v5-text-nano,embedding,LLMSTS17,STS,0.883767
jinaai__jina-embeddings-v5-text-nano,embedding,LLMSTS22v2,STS,0.649173
jinaai__jina-embeddings-v5-text-nano,embedding,LLMSTSBenchmark,STS,0.94223
jinaai__jina-embeddings-v5-text-nano,embedding,LLMSprintDuplicateQuestionsPC,PairClassification,0.994
jinaai__jina-embeddings-v5-text-nano,embedding,LLMStackExchangeClusteringP2PV2,Clustering,0.572675
jinaai__jina-embeddings-v5-text-nano,embedding,LLMStackExchangeClusteringV2,Clustering,0.768071
jinaai__jina-embeddings-v5-text-nano,embedding,LLMToxicConversationsClassification,Classification,0.9436
jinaai__jina-embeddings-v5-text-nano,embedding,LLMTweetSentimentExtractionClassification,Classification,0.6628
jinaai__jina-embeddings-v5-text-nano,embedding,LLMTwentyNewsgroupsClusteringV2,Clustering,0.596873
jinaai__jina-embeddings-v5-text-nano,embedding,LLMTwitterHjerneRetrieval,Retrieval,0.27554
jinaai__jina-embeddings-v5-text-nano,embedding,LLMTwitterURLCorpusPC,PairClassification,0.866
jinaai__jina-embeddings-v5-text-small,embedding,LLMAILAStatutes,Retrieval,0.147
jinaai__jina-embeddings-v5-text-small,embedding,LLMAmazonCounterfactualClassification,Classification,0.91791
jinaai__jina-embeddings-v5-text-small,embedding,LLMArxivClusteringP2P,Clustering,0.599868
jinaai__jina-embeddings-v5-text-small,embedding,LLMArxivClusteringS2S,Clustering,0.574846
jinaai__jina-embeddings-v5-text-small,embedding,LLMBIOSSES,STS,0.853369
jinaai__jina-embeddings-v5-text-small,embedding,LLMBanking77Classification,Classification,0.914532
jinaai__jina-embeddings-v5-text-small,embedding,LLMBiorxivClusteringP2PV2,Clustering,0.635664
jinaai__jina-embeddings-v5-text-small,embedding,LLMFQuADRetrieval,Retrieval,0.64
jinaai__jina-embeddings-v5-text-small,embedding,LLMHC3FinanceRetrieval,Retrieval,0.48
jinaai__jina-embeddings-v5-text-small,embedding,LLMImdbClassification,Classification,0.9594
jinaai__jina-embeddings-v5-text-small,embedding,LLMLegalBenchConsumerContractsQA,Retrieval,0.59
jinaai__jina-embeddings-v5-text-small,embedding,LLMLegalBenchPC,PairClassification,0.68
jinaai__jina-embeddings-v5-text-small,embedding,LLMMTOPDomainClassification,Classification,0.991875
jinaai__jina-embeddings-v5-text-small,embedding,LLMMassiveIntentClassification,Classification,0.8889
jinaai__jina-embeddings-v5-text-small,embedding,LLMMassiveScenarioClassification,Classification,0.926
jinaai__jina-embeddings-v5-text-small,embedding,LLMMedrxivClusteringP2PV2,Clustering,0.536568
jinaai__jina-embeddings-v5-text-small,embedding,LLMMedrxivClusteringS2SV2,Clustering,0.526429
jinaai__jina-embeddings-v5-text-small,embedding,LLMPublicHealthQA,Retrieval,0.77
jinaai__jina-embeddings-v5-text-small,embedding,LLMRTE3PC,PairClassification,0.852391
jinaai__jina-embeddings-v5-text-small,embedding,LLMRedditClusteringP2P,Clustering,0.705007
jinaai__jina-embeddings-v5-text-small,embedding,LLMSICKR,STS,0.903682
jinaai__jina-embeddings-v5-text-small,embedding,LLMSTS12,STS,0.866361
jinaai__jina-embeddings-v5-text-small,embedding,LLMSTS13,STS,0.891569
jinaai__jina-embeddings-v5-text-small,embedding,LLMSTS14,STS,0.888634
jinaai__jina-embeddings-v5-text-small,embedding,LLMSTS15,STS,0.926041
jinaai__jina-embeddings-v5-text-small,embedding,LLMSTS16,STS,0.874244
jinaai__jina-embeddings-v5-text-small,embedding,LLMSTS17,STS,0.890866
jinaai__jina-embeddings-v5-text-small,embedding,LLMSTS22v2,STS,0.650339
jinaai__jina-embeddings-v5-text-small,embedding,LLMSTSBenchmark,STS,0.948827
jinaai__jina-embeddings-v5-text-small,embedding,LLMSprintDuplicateQuestionsPC,PairClassification,0.996
jinaai__jina-embeddings-v5-text-small,embedding,LLMStackExchangeClusteringP2PV2,Clustering,0.589127
jinaai__jina-embeddings-v5-text-small,embedding,LLMStackExchangeClusteringV2,Clustering,0.767819
jinaai__jina-embeddings-v5-text-small,embedding,LLMToxicConversationsClassification,Classification,0.944
jinaai__jina-embeddings-v5-text-small,embedding,LLMTweetSentimentExtractionClassification,Classification,0.6854
jinaai__jina-embeddings-v5-text-small,embedding,LLMTwentyNewsgroupsClusteringV2,Clustering,0.598816
jinaai__jina-embeddings-v5-text-small,embedding,LLMTwitterHjerneRetrieval,Retrieval,0.25498
jinaai__jina-embeddings-v5-text-small,embedding,LLMTwitterURLCorpusPC,PairClassification,0.874
nvidia__llama-embed-nemotron-8b,embedding,LLMAILAStatutes,Retrieval,0.091
nvidia__llama-embed-nemotron-8b,embedding,LLMAmazonCounterfactualClassification,Classification,0.838209
nvidia__llama-embed-nemotron-8b,embedding,LLMArxivClusteringP2P,Clustering,0.592402
nvidia__llama-embed-nemotron-8b,embedding,LLMArxivClusteringS2S,Clustering,0.590996
nvidia__llama-embed-nemotron-8b,embedding,LLMBIOSSES,STS,0.863453
nvidia__llama-embed-nemotron-8b,embedding,LLMBanking77Classification,Classification,0.835891
nvidia__llama-embed-nemotron-8b,embedding,LLMBiorxivClusteringP2PV2,Clustering,0.651828
nvidia__llama-embed-nemotron-8b,embedding,LLMFQuADRetrieval,Retrieval,0.72
nvidia__llama-embed-nemotron-8b,embedding,LLMHC3FinanceRetrieval,Retrieval,0.67
nvidia__llama-embed-nemotron-8b,embedding,LLMImdbClassification,Classification,0.971
nvidia__llama-embed-nemotron-8b,embedding,LLMLegalBenchConsumerContractsQA,Retrieval,0.7
nvidia__llama-embed-nemotron-8b,embedding,LLMLegalBenchPC,PairClassification,0.726
nvidia__llama-embed-nemotron-8b,embedding,LLMMTOPDomainClassification,Classification,0.965
nvidia__llama-embed-nemotron-8b,embedding,LLMMassiveIntentClassification,Classification,0.8354
nvidia__llama-embed-nemotron-8b,embedding,LLMMassiveScenarioClassification,Classification,0.83475
nvidia__llama-embed-nemotron-8b,embedding,LLMMedrxivClusteringP2PV2,Clustering,0.528577
nvidia__llama-embed-nemotron-8b,embedding,LLMMedrxivClusteringS2SV2,Clustering,0.526055
nvidia__llama-embed-nemotron-8b,embedding,LLMPublicHealthQA,Retrieval,0.8
nvidia__llama-embed-nemotron-8b,embedding,LLMRTE3PC,PairClassification,0.848233
nvidia__llama-embed-nemotron-8b,embedding,LLMRedditClusteringP2P,Clustering,0.797464
nvidia__llama-embed-nemotron-8b,embedding,LLMSICKR,STS,0.85403
nvidia__llama-embed-nemotron-8b,embedding,LLMSTS12,STS,0.833739
nvidia__llama-embed-nemotron-8b,embedding,LLMSTS13,STS,0.914823
nvidia__llama-embed-nemotron-8b,embedding,LLMSTS14,STS,0.878906
nvidia__llama-embed-nemotron-8b,embedding,LLMSTS15,STS,0.921392
nvidia__llama-embed-nemotron-8b,embedding,LLMSTS16,STS,0.886664
nvidia__llama-embed-nemotron-8b,embedding,LLMSTS17,STS,0.914057
nvidia__llama-embed-nemotron-8b,embedding,LLMSTS22v2,STS,0.643003
nvidia__llama-embed-nemotron-8b,embedding,LLMSTSBenchmark,STS,0.908026
nvidia__llama-embed-nemotron-8b,embedding,LLMSprintDuplicateQuestionsPC,PairClassification,0.994
nvidia__llama-embed-nemotron-8b,embedding,LLMStackExchangeClusteringP2PV2,Clustering,0.586789
nvidia__llama-embed-nemotron-8b,embedding,LLMStackExchangeClusteringV2,Clustering,0.846192
nvidia__llama-embed-nemotron-8b,embedding,LLMToxicConversationsClassification,Classification,0.8826
nvidia__llama-embed-nemotron-8b,embedding,LLMTweetSentimentExtractionClassification,Classification,0.6214
nvidia__llama-embed-nemotron-8b,embedding,LLMTwentyNewsgroupsClusteringV2,Clustering,0.651977
nvidia__llama-embed-nemotron-8b,embedding,LLMTwitterHjerneRetrieval,Retrieval,0.2987
nvidia__llama-embed-nemotron-8b,embedding,LLMTwitterURLCorpusPC,PairClassification,0.898
tencent__KaLM-Embedding-Gemma3-12B-2511,embedding,LLMAILAStatutes,Retrieval,0.103
tencent__KaLM-Embedding-Gemma3-12B-2511,embedding,LLMAmazonCounterfactualClassification,Classification,0.904179
tencent__KaLM-Embedding-Gemma3-12B-2511,embedding,LLMArxivClusteringP2P,Clustering,0.616118
tencent__KaLM-Embedding-Gemma3-12B-2511,embedding,LLMArxivClusteringS2S,Clustering,0.574366
tencent__KaLM-Embedding-Gemma3-12B-2511,embedding,LLMBIOSSES,STS,0.870429
tencent__KaLM-Embedding-Gemma3-12B-2511,embedding,LLMBanking77Classification,Classification,0.876528
tencent__KaLM-Embedding-Gemma3-12B-2511,embedding,LLMBiorxivClusteringP2PV2,Clustering,0.640864
tencent__KaLM-Embedding-Gemma3-12B-2511,embedding,LLMFQuADRetrieval,Retrieval,0.7
tencent__KaLM-Embedding-Gemma3-12B-2511,embedding,LLMHC3FinanceRetrieval,Retrieval,0.55
tencent__KaLM-Embedding-Gemma3-12B-2511,embedding,LLMImdbClassification,Classification,0.9626
tencent__KaLM-Embedding-Gemma3-12B-2511,embedding,LLMLegalBenchConsumerContractsQA,Retrieval,0.63
tencent__KaLM-Embedding-Gemma3-12B-2511,embedding,LLMLegalBenchPC,PairClassification,0.736
tencent__KaLM-Embedding-Gemma3-12B-2511,embedding,LLMMTOPDomainClassification,Classification,0.985375
tencent__KaLM-Embedding-Gemma3-12B-2511,embedding,LLMMassiveIntentClassification,Classification,0.8457
tencent__KaLM-Embedding-Gemma3-12B-2511,embedding,LLMMassiveScenarioClassification,Classification,0.86725
tencent__KaLM-Embedding-Gemma3-12B-2511,embedding,LLMMedrxivClusteringP2PV2,Clustering,0.546818
tencent__KaLM-Embedding-Gemma3-12B-2511,embedding,LLMMedrxivClusteringS2SV2,Clustering,0.531826
tencent__KaLM-Embedding-Gemma3-12B-2511,embedding,LLMPublicHealthQA,Retrieval,0.71
tencent__KaLM-Embedding-Gemma3-12B-2511,embedding,LLMRTE3PC,PairClassification,0.852391
tencent__KaLM-Embedding-Gemma3-12B-2511,embedding,LLMRedditClusteringP2P,Clustering,0.761234
tencent__KaLM-Embedding-Gemma3-12B-2511,embedding,LLMSICKR,STS,0.818748
tencent__KaLM-Embedding-Gemma3-12B-2511,embedding,LLMSTS12,STS,0.813569
tencent__KaLM-Embedding-Gemma3-12B-2511,embedding,LLMSTS13,STS,0.892102
tencent__KaLM-Embedding-Gemma3-12B-2511,embedding,LLMSTS14,STS,0.858747
tencent__KaLM-Embedding-Gemma3-12B-2511,embedding,LLMSTS15,STS,0.905796
tencent__KaLM-Embedding-Gemma3-12B-2511,embedding,LLMSTS16,STS,0.866738
tencent__KaLM-Embedding-Gemma3-12B-2511,embedding,LLMSTS17,STS,0.88966
tencent__KaLM-Embedding-Gemma3-12B-2511,embedding,LLMSTS22v2,STS,0.650506
tencent__KaLM-Embedding-Gemma3-12B-2511,embedding,LLMSTSBenchmark,STS,0.89129
tencent__KaLM-Embedding-Gemma3-12B-2511,embedding,LLMSprintDuplicateQuestionsPC,PairClassification,0.998
tencent__KaLM-Embedding-Gemma3-12B-2511,embedding,LLMStackExchangeClusteringP2PV2,Clustering,0.58463
tencent__KaLM-Embedding-Gemma3-12B-2511,embedding,LLMStackExchangeClusteringV2,Clustering,0.833401
tencent__KaLM-Embedding-Gemma3-12B-2511,embedding,LLMToxicConversationsClassification,Classification,0.9018
tencent__KaLM-Embedding-Gemma3-12B-2511,embedding,LLMTweetSentimentExtractionClassification,Classification,0.7608
tencent__KaLM-Embedding-Gemma3-12B-2511,embedding,LLMTwentyNewsgroupsClusteringV2,Clustering,0.62028
tencent__KaLM-Embedding-Gemma3-12B-2511,embedding,LLMTwitterHjerneRetrieval,Retrieval,0.30195
tencent__KaLM-Embedding-Gemma3-12B-2511,embedding,LLMTwitterURLCorpusPC,PairClassification,0.896
MiniMaxAI__MiniMax-M2.5,llm,LLMAmazonCounterfactualClassification,Classification,0.808955
MiniMaxAI__MiniMax-M2.5,llm,LLMArxivClusteringS2S,Clustering,0.211525
MiniMaxAI__MiniMax-M2.5,llm,LLMBIOSSES,STS,0.85928
MiniMaxAI__MiniMax-M2.5,llm,LLMBanking77Classification,Classification,0.758778
MiniMaxAI__MiniMax-M2.5,llm,LLMBiorxivClusteringP2PV2,Clustering,0.345717
MiniMaxAI__MiniMax-M2.5,llm,LLMImdbClassification,Classification,0.956
MiniMaxAI__MiniMax-M2.5,llm,LLMAILAStatutes,Retrieval,0.104
MiniMaxAI__MiniMax-M2.5,llm,LLMTwitterHjerneRetrieval,Retrieval,0.279221
MiniMaxAI__MiniMax-M2.5,llm,LLMLegalBenchPC,PairClassification,0.646
MiniMaxAI__MiniMax-M2.5,llm,LLMMTOPDomainClassification,Classification,0.96375
MiniMaxAI__MiniMax-M2.5,llm,LLMMassiveIntentClassification,Classification,0.79
MiniMaxAI__MiniMax-M2.5,llm,LLMMassiveScenarioClassification,Classification,0.73375
MiniMaxAI__MiniMax-M2.5,llm,LLMMedrxivClusteringP2PV2,Clustering,0.387291
MiniMaxAI__MiniMax-M2.5,llm,LLMRTE3PC,PairClassification,0.902287
MiniMaxAI__MiniMax-M2.5,llm,LLMSICKR,STS,0.758232
MiniMaxAI__MiniMax-M2.5,llm,LLMSTS12,STS,0.676095
MiniMaxAI__MiniMax-M2.5,llm,LLMSTS13,STS,0.872203
MiniMaxAI__MiniMax-M2.5,llm,LLMSTS14,STS,0.800073
MiniMaxAI__MiniMax-M2.5,llm,LLMSTS15,STS,0.883937
MiniMaxAI__MiniMax-M2.5,llm,LLMSTS16,STS,0.821917
MiniMaxAI__MiniMax-M2.5,llm,LLMSTS17,STS,0.88864
MiniMaxAI__MiniMax-M2.5,llm,LLMSTS22v2,STS,0.722997
MiniMaxAI__MiniMax-M2.5,llm,LLMSTSBenchmark,STS,0.853711
MiniMaxAI__MiniMax-M2.5,llm,LLMSprintDuplicateQuestionsPC,PairClassification,0.818
MiniMaxAI__MiniMax-M2.5,llm,LLMStackExchangeClusteringP2PV2,Clustering,0.371772
MiniMaxAI__MiniMax-M2.5,llm,LLMToxicConversationsClassification,Classification,0.826
MiniMaxAI__MiniMax-M2.5,llm,LLMTweetSentimentExtractionClassification,Classification,0.626
MiniMaxAI__MiniMax-M2.5,llm,LLMTwentyNewsgroupsClusteringV2,Clustering,0.249151
MiniMaxAI__MiniMax-M2.5,llm,LLMTwitterURLCorpusPC,PairClassification,0.842
Qwen__Qwen3.5-397B-A17B-FP8,llm,LLMBanking77Classification,Classification,0.816645
Qwen__Qwen3.5-397B-A17B-FP8,llm,LLMImdbClassification,Classification,0.976
Qwen__Qwen3.5-397B-A17B-FP8,llm,LLMToxicConversationsClassification,Classification,0.882
deepseek-r1,llm,LLMAmazonCounterfactualClassification,Classification,0.868657
deepseek-r1,llm,LLMArxivClusteringP2P,Clustering,0.220392
deepseek-r1,llm,LLMArxivClusteringS2S,Clustering,0.252697
deepseek-r1,llm,LLMBIOSSES,STS,0.849513
deepseek-r1,llm,LLMBanking77Classification,Classification,0.789337
deepseek-r1,llm,LLMBiorxivClusteringP2PV2,Clustering,0.323789
deepseek-r1,llm,LLMImdbClassification,Classification,0.97
deepseek-r1,llm,LLMAILAStatutes,Retrieval,0.119
deepseek-r1,llm,LLMFQuADRetrieval,Retrieval,0.57
deepseek-r1,llm,LLMHC3FinanceRetrieval,Retrieval,0.43
deepseek-r1,llm,LLMLegalBenchConsumerContractsQA,Retrieval,0.62
deepseek-r1,llm,LLMPublicHealthQA,Retrieval,0.64
deepseek-r1,llm,LLMTwitterHjerneRetrieval,Retrieval,0.305844
deepseek-r1,llm,LLMLegalBenchPC,PairClassification,0.688
deepseek-r1,llm,LLMMTOPDomainClassification,Classification,0.96125
deepseek-r1,llm,LLMMassiveIntentClassification,Classification,0.827
deepseek-r1,llm,LLMMassiveScenarioClassification,Classification,0.76625
deepseek-r1,llm,LLMMedrxivClusteringP2PV2,Clustering,0.31694
deepseek-r1,llm,LLMMedrxivClusteringS2SV2,Clustering,0.33384
deepseek-r1,llm,LLMRTE3PC,PairClassification,0.900208
deepseek-r1,llm,LLMRedditClusteringP2P,Clustering,0.266336
deepseek-r1,llm,LLMSICKR,STS,0.797181
deepseek-r1,llm,LLMSTS12,STS,0.719383
deepseek-r1,llm,LLMSTS13,STS,0.886668
deepseek-r1,llm,LLMSTS14,STS,0.855562
deepseek-r1,llm,LLMSTS15,STS,0.89853
deepseek-r1,llm,LLMSTS16,STS,0.841767
deepseek-r1,llm,LLMSTS17,STS,0.914731
deepseek-r1,llm,LLMSTS22v2,STS,0.713918
deepseek-r1,llm,LLMSTSBenchmark,STS,0.891598
deepseek-r1,llm,LLMSprintDuplicateQuestionsPC,PairClassification,0.796
deepseek-r1,llm,LLMStackExchangeClusteringV2,Clustering,0.420921
deepseek-r1,llm,LLMStackExchangeClusteringP2PV2,Clustering,0.330799
deepseek-r1,llm,LLMToxicConversationsClassification,Classification,0.782
deepseek-r1,llm,LLMTweetSentimentExtractionClassification,Classification,0.634
deepseek-r1,llm,LLMTwentyNewsgroupsClusteringV2,Clustering,0.348516
deepseek-r1,llm,LLMTwitterURLCorpusPC,PairClassification,0.796
deepseek__deepseek-v4-flash,llm,LLMAmazonCounterfactualClassification,Classification,0.823881
deepseek__deepseek-v4-flash,llm,LLMArxivClusteringP2P,Clustering,0.37439
deepseek__deepseek-v4-flash,llm,LLMArxivClusteringS2S,Clustering,0.455109
deepseek__deepseek-v4-flash,llm,LLMBIOSSES,STS,0.785235
deepseek__deepseek-v4-flash,llm,LLMBanking77Classification,Classification,0.785111
deepseek__deepseek-v4-flash,llm,LLMBiorxivClusteringP2PV2,Clustering,0.292708
deepseek__deepseek-v4-flash,llm,LLMImdbClassification,Classification,0.968
deepseek__deepseek-v4-flash,llm,LLMAILAStatutes,Retrieval,0.133
deepseek__deepseek-v4-flash,llm,LLMFQuADRetrieval,Retrieval,0.83
deepseek__deepseek-v4-flash,llm,LLMHC3FinanceRetrieval,Retrieval,0.5
deepseek__deepseek-v4-flash,llm,LLMLegalBenchConsumerContractsQA,Retrieval,0.76
deepseek__deepseek-v4-flash,llm,LLMPublicHealthQA,Retrieval,0.64
deepseek__deepseek-v4-flash,llm,LLMTwitterHjerneRetrieval,Retrieval,0.334416
deepseek__deepseek-v4-flash,llm,LLMLegalBenchPC,PairClassification,0.672
deepseek__deepseek-v4-flash,llm,LLMMTOPDomainClassification,Classification,0.9575
deepseek__deepseek-v4-flash,llm,LLMMassiveIntentClassification,Classification,0.824
deepseek__deepseek-v4-flash,llm,LLMMassiveScenarioClassification,Classification,0.775
deepseek__deepseek-v4-flash,llm,LLMMedrxivClusteringP2PV2,Clustering,0.269854
deepseek__deepseek-v4-flash,llm,LLMMedrxivClusteringS2SV2,Clustering,0.40866
deepseek__deepseek-v4-flash,llm,LLMRTE3PC,PairClassification,0.904366
deepseek__deepseek-v4-flash,llm,LLMRedditClusteringP2P,Clustering,0.551939
deepseek__deepseek-v4-flash,llm,LLMSICKR,STS,0.752805
deepseek__deepseek-v4-flash,llm,LLMSTS12,STS,0.755579
deepseek__deepseek-v4-flash,llm,LLMSTS13,STS,0.873262
deepseek__deepseek-v4-flash,llm,LLMSTS14,STS,0.845445
deepseek__deepseek-v4-flash,llm,LLMSTS15,STS,0.892477
deepseek__deepseek-v4-flash,llm,LLMSTS16,STS,0.824275
deepseek__deepseek-v4-flash,llm,LLMSTS17,STS,0.914554
deepseek__deepseek-v4-flash,llm,LLMSTS22v2,STS,0.692397
deepseek__deepseek-v4-flash,llm,LLMSTSBenchmark,STS,0.879278
deepseek__deepseek-v4-flash,llm,LLMSprintDuplicateQuestionsPC,PairClassification,0.866
deepseek__deepseek-v4-flash,llm,LLMStackExchangeClusteringV2,Clustering,0.534747
deepseek__deepseek-v4-flash,llm,LLMStackExchangeClusteringP2PV2,Clustering,0.402888
deepseek__deepseek-v4-flash,llm,LLMToxicConversationsClassification,Classification,0.804
deepseek__deepseek-v4-flash,llm,LLMTweetSentimentExtractionClassification,Classification,0.612
deepseek__deepseek-v4-flash,llm,LLMTwentyNewsgroupsClusteringV2,Clustering,0.643812
deepseek__deepseek-v4-flash,llm,LLMTwitterURLCorpusPC,PairClassification,0.82
deepseek__deepseek-v4-pro,llm,LLMBanking77Classification,Classification,0.796814
deepseek__deepseek-v4-pro,llm,LLMAILAStatutes,Retrieval,0.134
deepseek__deepseek-v4-pro,llm,LLMFQuADRetrieval,Retrieval,0.93
deepseek__deepseek-v4-pro,llm,LLMHC3FinanceRetrieval,Retrieval,0.6
deepseek__deepseek-v4-pro,llm,LLMLegalBenchConsumerContractsQA,Retrieval,0.83
deepseek__deepseek-v4-pro,llm,LLMPublicHealthQA,Retrieval,0.63
deepseek__deepseek-v4-pro,llm,LLMTwitterHjerneRetrieval,Retrieval,0.334416
deepseek__deepseek-v4-pro,llm,LLMSTSBenchmark,STS,0.873428
deepseek__deepseek-v4-pro,llm,LLMTwentyNewsgroupsClusteringV2,Clustering,0.737727
deepseek__deepseek-v4-pro,llm,LLMTwitterURLCorpusPC,PairClassification,0.738
glm-4.7,llm,LLMAmazonCounterfactualClassification,Classification,0.886567
glm-4.7,llm,LLMArxivClusteringP2P,Clustering,0.236334
glm-4.7,llm,LLMArxivClusteringS2S,Clustering,0.286335
glm-4.7,llm,LLMBIOSSES,STS,0.823417
glm-4.7,llm,LLMBanking77Classification,Classification,0.803966
glm-4.7,llm,LLMBiorxivClusteringP2PV2,Clustering,0.331753
glm-4.7,llm,LLMImdbClassification,Classification,0.972
glm-4.7,llm,LLMAILAStatutes,Retrieval,0.13
glm-4.7,llm,LLMFQuADRetrieval,Retrieval,0.78
glm-4.7,llm,LLMHC3FinanceRetrieval,Retrieval,0.56
glm-4.7,llm,LLMLegalBenchConsumerContractsQA,Retrieval,0.78
glm-4.7,llm,LLMPublicHealthQA,Retrieval,0.7
glm-4.7,llm,LLMTwitterHjerneRetrieval,Retrieval,0.316017
glm-4.7,llm,LLMLegalBenchPC,PairClassification,0.696
glm-4.7,llm,LLMMTOPDomainClassification,Classification,0.9675
glm-4.7,llm,LLMMassiveIntentClassification,Classification,0.83
glm-4.7,llm,LLMMassiveScenarioClassification,Classification,0.77125
glm-4.7,llm,LLMMedrxivClusteringP2PV2,Clustering,0.374818
glm-4.7,llm,LLMMedrxivClusteringS2SV2,Clustering,0.377747
glm-4.7,llm,LLMRTE3PC,PairClassification,0.900208
glm-4.7,llm,LLMRedditClusteringP2P,Clustering,0.406149
glm-4.7,llm,LLMSICKR,STS,0.760494
glm-4.7,llm,LLMSTS12,STS,0.730796
glm-4.7,llm,LLMSTS13,STS,0.884746
glm-4.7,llm,LLMSTS14,STS,0.857091
glm-4.7,llm,LLMSTS15,STS,0.918968
glm-4.7,llm,LLMSTS16,STS,0.849331
glm-4.7,llm,LLMSTS17,STS,0.903721
glm-4.7,llm,LLMSTS22v2,STS,0.73191
glm-4.7,llm,LLMSTSBenchmark,STS,0.884716
glm-4.7,llm,LLMSprintDuplicateQuestionsPC,PairClassification,0.822
glm-4.7,llm,LLMStackExchangeClusteringV2,Clustering,0.49521
glm-4.7,llm,LLMStackExchangeClusteringP2PV2,Clustering,0.378904
glm-4.7,llm,LLMToxicConversationsClassification,Classification,0.876
glm-4.7,llm,LLMTweetSentimentExtractionClassification,Classification,0.632
glm-4.7,llm,LLMTwentyNewsgroupsClusteringV2,Clustering,0.397596
glm-4.7,llm,LLMTwitterURLCorpusPC,PairClassification,0.768
glm-5.1,llm,LLMAmazonCounterfactualClassification,Classification,0.898507
glm-5.1,llm,LLMBanking77Classification,Classification,0.831274
glm-5.1,llm,LLMImdbClassification,Classification,0.976
glm-5.1,llm,LLMMTOPDomainClassification,Classification,0.96375
glm-5.1,llm,LLMMassiveIntentClassification,Classification,0.847
glm-5.1,llm,LLMMassiveScenarioClassification,Classification,0.76
glm-5.1,llm,LLMToxicConversationsClassification,Classification,0.898
glm-5.1,llm,LLMTweetSentimentExtractionClassification,Classification,0.628
google__gemini-3-flash-preview,llm,LLMAmazonCounterfactualClassification,Classification,0.81194
google__gemini-3-flash-preview,llm,LLMArxivClusteringP2P,Clustering,0.602748
google__gemini-3-flash-preview,llm,LLMArxivClusteringS2S,Clustering,0.601088
google__gemini-3-flash-preview,llm,LLMBIOSSES,STS,0.886538
google__gemini-3-flash-preview,llm,LLMBanking77Classification,Classification,0.830949
google__gemini-3-flash-preview,llm,LLMBiorxivClusteringP2PV2,Clustering,0.608035
google__gemini-3-flash-preview,llm,LLMImdbClassification,Classification,0.976
google__gemini-3-flash-preview,llm,LLMAILAStatutes,Retrieval,0.057
google__gemini-3-flash-preview,llm,LLMFQuADRetrieval,Retrieval,0.88
google__gemini-3-flash-preview,llm,LLMHC3FinanceRetrieval,Retrieval,0.6
google__gemini-3-flash-preview,llm,LLMLegalBenchConsumerContractsQA,Retrieval,0.79
google__gemini-3-flash-preview,llm,LLMPublicHealthQA,Retrieval,0.49
google__gemini-3-flash-preview,llm,LLMRTE3PC,PairClassification,0.966736
google__gemini-3-flash-preview,llm,LLMTwitterHjerneRetrieval,Retrieval,0.323593
google__gemini-3-flash-preview,llm,LLMLegalBenchPC,PairClassification,0.774
google__gemini-3-flash-preview,llm,LLMMTOPDomainClassification,Classification,0.96375
google__gemini-3-flash-preview,llm,LLMMassiveIntentClassification,Classification,0.854
google__gemini-3-flash-preview,llm,LLMMassiveScenarioClassification,Classification,0.75875
google__gemini-3-flash-preview,llm,LLMMedrxivClusteringP2PV2,Clustering,0.505622
google__gemini-3-flash-preview,llm,LLMMedrxivClusteringS2SV2,Clustering,0.50285
google__gemini-3-flash-preview,llm,LLMRedditClusteringP2P,Clustering,0.904515
google__gemini-3-flash-preview,llm,LLMSICKR,STS,0.86846
google__gemini-3-flash-preview,llm,LLMSTS12,STS,0.79478
google__gemini-3-flash-preview,llm,LLMSTS13,STS,0.915262
google__gemini-3-flash-preview,llm,LLMSTS14,STS,0.89267
google__gemini-3-flash-preview,llm,LLMSTS15,STS,0.938839
google__gemini-3-flash-preview,llm,LLMSTS16,STS,0.884926
google__gemini-3-flash-preview,llm,LLMSTS17,STS,0.941004
google__gemini-3-flash-preview,llm,LLMSTS22v2,STS,0.717278
google__gemini-3-flash-preview,llm,LLMSTSBenchmark,STS,0.917394
google__gemini-3-flash-preview,llm,LLMSprintDuplicateQuestionsPC,PairClassification,0.834
google__gemini-3-flash-preview,llm,LLMStackExchangeClusteringV2,Clustering,0.902102
google__gemini-3-flash-preview,llm,LLMStackExchangeClusteringP2PV2,Clustering,0.490465
google__gemini-3-flash-preview,llm,LLMToxicConversationsClassification,Classification,0.9
google__gemini-3-flash-preview,llm,LLMTweetSentimentExtractionClassification,Classification,0.63
google__gemini-3-flash-preview,llm,LLMTwentyNewsgroupsClusteringV2,Clustering,0.799276
google__gemini-3-flash-preview,llm,LLMTwitterURLCorpusPC,PairClassification,0.876
google__gemini-3.1-flash-lite-preview,llm,LLMAmazonCounterfactualClassification,Classification,0.797015
google__gemini-3.1-flash-lite-preview,llm,LLMArxivClusteringP2P,Clustering,0.147124
google__gemini-3.1-flash-lite-preview,llm,LLMArxivClusteringS2S,Clustering,0.188642
google__gemini-3.1-flash-lite-preview,llm,LLMBIOSSES,STS,0.89765
google__gemini-3.1-flash-lite-preview,llm,LLMBanking77Classification,Classification,0.787386
google__gemini-3.1-flash-lite-preview,llm,LLMBiorxivClusteringP2PV2,Clustering,0.173929
google__gemini-3.1-flash-lite-preview,llm,LLMImdbClassification,Classification,0.976
google__gemini-3.1-flash-lite-preview,llm,LLMAILAStatutes,Retrieval,0.102
google__gemini-3.1-flash-lite-preview,llm,LLMFQuADRetrieval,Retrieval,0.84
google__gemini-3.1-flash-lite-preview,llm,LLMHC3FinanceRetrieval,Retrieval,0.46
google__gemini-3.1-flash-lite-preview,llm,LLMLegalBenchConsumerContractsQA,Retrieval,0.77
google__gemini-3.1-flash-lite-preview,llm,LLMPublicHealthQA,Retrieval,0.45
google__gemini-3.1-flash-lite-preview,llm,LLMRTE3PC,PairClassification,0.950104
google__gemini-3.1-flash-lite-preview,llm,LLMTwitterHjerneRetrieval,Retrieval,0.319264
google__gemini-3.1-flash-lite-preview,llm,LLMLegalBenchPC,PairClassification,0.724
google__gemini-3.1-flash-lite-preview,llm,LLMMTOPDomainClassification,Classification,0.95875
google__gemini-3.1-flash-lite-preview,llm,LLMMassiveIntentClassification,Classification,0.832
google__gemini-3.1-flash-lite-preview,llm,LLMMassiveScenarioClassification,Classification,0.7625
google__gemini-3.1-flash-lite-preview,llm,LLMMedrxivClusteringP2PV2,Clustering,0.197112
google__gemini-3.1-flash-lite-preview,llm,LLMMedrxivClusteringS2SV2,Clustering,0.215886
google__gemini-3.1-flash-lite-preview,llm,LLMRedditClusteringP2P,Clustering,0.284513
google__gemini-3.1-flash-lite-preview,llm,LLMSICKR,STS,0.780033
google__gemini-3.1-flash-lite-preview,llm,LLMSTS12,STS,0.76012
google__gemini-3.1-flash-lite-preview,llm,LLMSTS13,STS,0.905033
google__gemini-3.1-flash-lite-preview,llm,LLMSTS14,STS,0.862902
google__gemini-3.1-flash-lite-preview,llm,LLMSTS15,STS,0.913659
google__gemini-3.1-flash-lite-preview,llm,LLMSTS16,STS,0.864675
google__gemini-3.1-flash-lite-preview,llm,LLMSTS17,STS,0.914001
google__gemini-3.1-flash-lite-preview,llm,LLMSTS22v2,STS,0.711582
google__gemini-3.1-flash-lite-preview,llm,LLMSTSBenchmark,STS,0.903116
google__gemini-3.1-flash-lite-preview,llm,LLMSprintDuplicateQuestionsPC,PairClassification,0.866
google__gemini-3.1-flash-lite-preview,llm,LLMStackExchangeClusteringV2,Clustering,0.258355
google__gemini-3.1-flash-lite-preview,llm,LLMStackExchangeClusteringP2PV2,Clustering,0.214575
google__gemini-3.1-flash-lite-preview,llm,LLMToxicConversationsClassification,Classification,0.886
google__gemini-3.1-flash-lite-preview,llm,LLMTweetSentimentExtractionClassification,Classification,0.634
google__gemini-3.1-flash-lite-preview,llm,LLMTwentyNewsgroupsClusteringV2,Clustering,0.272389
google__gemini-3.1-flash-lite-preview,llm,LLMTwitterURLCorpusPC,PairClassification,0.808
google__gemini-3.1-pro-preview,llm,LLMAmazonCounterfactualClassification,Classification,0.847761
google__gemini-3.1-pro-preview,llm,LLMArxivClusteringP2P,Clustering,0.60145
google__gemini-3.1-pro-preview,llm,LLMArxivClusteringS2S,Clustering,0.625216
google__gemini-3.1-pro-preview,llm,LLMBIOSSES,STS,0.896214
google__gemini-3.1-pro-preview,llm,LLMBanking77Classification,Classification,0.85013
google__gemini-3.1-pro-preview,llm,LLMBiorxivClusteringP2PV2,Clustering,0.625399
google__gemini-3.1-pro-preview,llm,LLMImdbClassification,Classification,0.98
google__gemini-3.1-pro-preview,llm,LLMAILAStatutes,Retrieval,0.145
google__gemini-3.1-pro-preview,llm,LLMFQuADRetrieval,Retrieval,0.92
google__gemini-3.1-pro-preview,llm,LLMHC3FinanceRetrieval,Retrieval,0.71
google__gemini-3.1-pro-preview,llm,LLMLegalBenchConsumerContractsQA,Retrieval,0.86
google__gemini-3.1-pro-preview,llm,LLMPublicHealthQA,Retrieval,0.9
google__gemini-3.1-pro-preview,llm,LLMRTE3PC,PairClassification,0.954262
google__gemini-3.1-pro-preview,llm,LLMTwitterHjerneRetrieval,Retrieval,0.334416
google__gemini-3.1-pro-preview,llm,LLMLegalBenchPC,PairClassification,0.722
google__gemini-3.1-pro-preview,llm,LLMMTOPDomainClassification,Classification,0.955
google__gemini-3.1-pro-preview,llm,LLMMassiveIntentClassification,Classification,0.849
google__gemini-3.1-pro-preview,llm,LLMMassiveScenarioClassification,Classification,0.79375
google__gemini-3.1-pro-preview,llm,LLMMedrxivClusteringP2PV2,Clustering,0.525138
google__gemini-3.1-pro-preview,llm,LLMMedrxivClusteringS2SV2,Clustering,0.539756
google__gemini-3.1-pro-preview,llm,LLMRedditClusteringP2P,Clustering,0.938704
google__gemini-3.1-pro-preview,llm,LLMSICKR,STS,0.861218
google__gemini-3.1-pro-preview,llm,LLMSTS12,STS,0.8263
google__gemini-3.1-pro-preview,llm,LLMSTS13,STS,0.919412
google__gemini-3.1-pro-preview,llm,LLMSTS14,STS,0.905244
google__gemini-3.1-pro-preview,llm,LLMSTS15,STS,0.94425
google__gemini-3.1-pro-preview,llm,LLMSTS16,STS,0.88999
google__gemini-3.1-pro-preview,llm,LLMSTS17,STS,0.941721
google__gemini-3.1-pro-preview,llm,LLMSTS22v2,STS,0.736134
google__gemini-3.1-pro-preview,llm,LLMSTSBenchmark,STS,0.926244
google__gemini-3.1-pro-preview,llm,LLMSprintDuplicateQuestionsPC,PairClassification,0.822
google__gemini-3.1-pro-preview,llm,LLMStackExchangeClusteringV2,Clustering,0.918233
google__gemini-3.1-pro-preview,llm,LLMStackExchangeClusteringP2PV2,Clustering,0.429197
google__gemini-3.1-pro-preview,llm,LLMToxicConversationsClassification,Classification,0.896
google__gemini-3.1-pro-preview,llm,LLMTweetSentimentExtractionClassification,Classification,0.642
google__gemini-3.1-pro-preview,llm,LLMTwentyNewsgroupsClusteringV2,Clustering,0.786527
google__gemini-3.1-pro-preview,llm,LLMTwitterURLCorpusPC,PairClassification,0.828
kimi-k2.6,llm,LLMAmazonCounterfactualClassification,Classification,0.892537
kimi-k2.6,llm,LLMArxivClusteringP2P,Clustering,0.526045
kimi-k2.6,llm,LLMArxivClusteringS2S,Clustering,0.441508
kimi-k2.6,llm,LLMBIOSSES,STS,0.863853
kimi-k2.6,llm,LLMBanking77Classification,Classification,0.828023
kimi-k2.6,llm,LLMBiorxivClusteringP2PV2,Clustering,0.519343
kimi-k2.6,llm,LLMImdbClassification,Classification,0.974
kimi-k2.6,llm,LLMAILAStatutes,Retrieval,0.132
kimi-k2.6,llm,LLMFQuADRetrieval,Retrieval,0.91
kimi-k2.6,llm,LLMHC3FinanceRetrieval,Retrieval,0.56
kimi-k2.6,llm,LLMLegalBenchConsumerContractsQA,Retrieval,0.8
kimi-k2.6,llm,LLMPublicHealthQA,Retrieval,0.67
kimi-k2.6,llm,LLMTwitterHjerneRetrieval,Retrieval,0.330087
kimi-k2.6,llm,LLMLegalBenchPC,PairClassification,0.692
kimi-k2.6,llm,LLMMTOPDomainClassification,Classification,0.96625
kimi-k2.6,llm,LLMMassiveIntentClassification,Classification,0.832
kimi-k2.6,llm,LLMMassiveScenarioClassification,Classification,0.765
kimi-k2.6,llm,LLMMedrxivClusteringP2PV2,Clustering,0.505597
kimi-k2.6,llm,LLMMedrxivClusteringS2SV2,Clustering,0.391456
kimi-k2.6,llm,LLMRTE3PC,PairClassification,0.887734
kimi-k2.6,llm,LLMRedditClusteringP2P,Clustering,0.573611
kimi-k2.6,llm,LLMSICKR,STS,0.821456
kimi-k2.6,llm,LLMSTS12,STS,0.721653
kimi-k2.6,llm,LLMSTS13,STS,0.893466
kimi-k2.6,llm,LLMSTS14,STS,0.850737
kimi-k2.6,llm,LLMSTS15,STS,0.911185
kimi-k2.6,llm,LLMSTS16,STS,0.838681
kimi-k2.6,llm,LLMSTS17,STS,0.901479
kimi-k2.6,llm,LLMSTS22v2,STS,0.70902
kimi-k2.6,llm,LLMSTSBenchmark,STS,0.87821
kimi-k2.6,llm,LLMSprintDuplicateQuestionsPC,PairClassification,0.788
kimi-k2.6,llm,LLMStackExchangeClusteringV2,Clustering,0.817545
kimi-k2.6,llm,LLMStackExchangeClusteringP2PV2,Clustering,0.520876
kimi-k2.6,llm,LLMToxicConversationsClassification,Classification,0.888
kimi-k2.6,llm,LLMTweetSentimentExtractionClassification,Classification,0.616
kimi-k2.6,llm,LLMTwentyNewsgroupsClusteringV2,Clustering,0.688633
kimi-k2.6,llm,LLMTwitterURLCorpusPC,PairClassification,0.754
minimax-m2.7,llm,LLMAmazonCounterfactualClassification,Classification,0.835821
minimax-m2.7,llm,LLMArxivClusteringP2P,Clustering,0.36368
minimax-m2.7,llm,LLMArxivClusteringS2S,Clustering,0.406002
minimax-m2.7,llm,LLMBIOSSES,STS,0.877027
minimax-m2.7,llm,LLMBanking77Classification,Classification,0.78446
minimax-m2.7,llm,LLMBiorxivClusteringP2PV2,Clustering,0.383217
minimax-m2.7,llm,LLMImdbClassification,Classification,0.97
minimax-m2.7,llm,LLMAILAStatutes,Retrieval,0.097
minimax-m2.7,llm,LLMFQuADRetrieval,Retrieval,0.82
minimax-m2.7,llm,LLMHC3FinanceRetrieval,Retrieval,0.42
minimax-m2.7,llm,LLMLegalBenchConsumerContractsQA,Retrieval,0.67
minimax-m2.7,llm,LLMPublicHealthQA,Retrieval,0.59
minimax-m2.7,llm,LLMTwitterHjerneRetrieval,Retrieval,0.282468
minimax-m2.7,llm,LLMLegalBenchPC,PairClassification,0.718
minimax-m2.7,llm,LLMMTOPDomainClassification,Classification,0.9525
minimax-m2.7,llm,LLMMassiveIntentClassification,Classification,0.751
minimax-m2.7,llm,LLMMassiveScenarioClassification,Classification,0.67
minimax-m2.7,llm,LLMMedrxivClusteringP2PV2,Clustering,0.397577
minimax-m2.7,llm,LLMMedrxivClusteringS2SV2,Clustering,0.424095
minimax-m2.7,llm,LLMRTE3PC,PairClassification,0.914761
minimax-m2.7,llm,LLMRedditClusteringP2P,Clustering,0.67386
minimax-m2.7,llm,LLMSICKR,STS,0.796584
minimax-m2.7,llm,LLMSTS12,STS,0.653887
minimax-m2.7,llm,LLMSTS13,STS,0.86518
minimax-m2.7,llm,LLMSTS14,STS,0.818842
minimax-m2.7,llm,LLMSTS15,STS,0.883825
minimax-m2.7,llm,LLMSTS16,STS,0.810772
minimax-m2.7,llm,LLMSTS17,STS,0.871004
minimax-m2.7,llm,LLMSTS22v2,STS,0.667343
minimax-m2.7,llm,LLMSTSBenchmark,STS,0.857327
minimax-m2.7,llm,LLMSprintDuplicateQuestionsPC,PairClassification,0.828
minimax-m2.7,llm,LLMStackExchangeClusteringV2,Clustering,0.750527
minimax-m2.7,llm,LLMStackExchangeClusteringP2PV2,Clustering,0.39373
minimax-m2.7,llm,LLMToxicConversationsClassification,Classification,0.876
minimax-m2.7,llm,LLMTweetSentimentExtractionClassification,Classification,0.63
minimax-m2.7,llm,LLMTwentyNewsgroupsClusteringV2,Clustering,0.579453
minimax-m2.7,llm,LLMTwitterURLCorpusPC,PairClassification,0.85
qwen3.6-27b,llm,LLMAmazonCounterfactualClassification,Classification,0.901493
qwen3.6-27b,llm,LLMArxivClusteringP2P,Clustering,0.545238
qwen3.6-27b,llm,LLMArxivClusteringS2S,Clustering,0.415616
qwen3.6-27b,llm,LLMBIOSSES,STS,0.850338
qwen3.6-27b,llm,LLMBanking77Classification,Classification,0.804616
qwen3.6-27b,llm,LLMBiorxivClusteringP2PV2,Clustering,0.498685
qwen3.6-27b,llm,LLMImdbClassification,Classification,0.974
qwen3.6-27b,llm,LLMAILAStatutes,Retrieval,0.142
qwen3.6-27b,llm,LLMFQuADRetrieval,Retrieval,0.96
qwen3.6-27b,llm,LLMHC3FinanceRetrieval,Retrieval,0.57
qwen3.6-27b,llm,LLMLegalBenchConsumerContractsQA,Retrieval,0.88
qwen3.6-27b,llm,LLMPublicHealthQA,Retrieval,0.86
qwen3.6-27b,llm,LLMTwitterHjerneRetrieval,Retrieval,0.330087
qwen3.6-27b,llm,LLMLegalBenchPC,PairClassification,0.716
qwen3.6-27b,llm,LLMMTOPDomainClassification,Classification,0.96875
qwen3.6-27b,llm,LLMMassiveIntentClassification,Classification,0.846
qwen3.6-27b,llm,LLMMassiveScenarioClassification,Classification,0.76375
qwen3.6-27b,llm,LLMMedrxivClusteringP2PV2,Clustering,0.479741
qwen3.6-27b,llm,LLMMedrxivClusteringS2SV2,Clustering,0.426767
qwen3.6-27b,llm,LLMRTE3PC,PairClassification,0.929314
qwen3.6-27b,llm,LLMRedditClusteringP2P,Clustering,0.601233
qwen3.6-27b,llm,LLMSICKR,STS,0.763589
qwen3.6-27b,llm,LLMSTS12,STS,0.77097
qwen3.6-27b,llm,LLMSTS13,STS,0.906071
qwen3.6-27b,llm,LLMSTS14,STS,0.88044
qwen3.6-27b,llm,LLMSTS15,STS,0.917987
qwen3.6-27b,llm,LLMSTS16,STS,0.871142
qwen3.6-27b,llm,LLMSTS17,STS,0.918083
qwen3.6-27b,llm,LLMSTS22v2,STS,0.720247
qwen3.6-27b,llm,LLMSTSBenchmark,STS,0.895524
qwen3.6-27b,llm,LLMSprintDuplicateQuestionsPC,PairClassification,0.846
qwen3.6-27b,llm,LLMStackExchangeClusteringV2,Clustering,0.736229
qwen3.6-27b,llm,LLMStackExchangeClusteringP2PV2,Clustering,0.461017
qwen3.6-27b,llm,LLMToxicConversationsClassification,Classification,0.892
qwen3.6-27b,llm,LLMTweetSentimentExtractionClassification,Classification,0.632
qwen3.6-27b,llm,LLMTwentyNewsgroupsClusteringV2,Clustering,0.66316
qwen3.6-27b,llm,LLMTwitterURLCorpusPC,PairClassification,0.852
qwen3.6-35b-a3b,llm,LLMAmazonCounterfactualClassification,Classification,0.886567
qwen3.6-35b-a3b,llm,LLMArxivClusteringP2P,Clustering,0.485287
qwen3.6-35b-a3b,llm,LLMArxivClusteringS2S,Clustering,0.604187
qwen3.6-35b-a3b,llm,LLMBIOSSES,STS,0.840273
qwen3.6-35b-a3b,llm,LLMBanking77Classification,Classification,0.777633
qwen3.6-35b-a3b,llm,LLMBiorxivClusteringP2PV2,Clustering,0.531878
qwen3.6-35b-a3b,llm,LLMImdbClassification,Classification,0.974
qwen3.6-35b-a3b,llm,LLMAILAStatutes,Retrieval,0.129
qwen3.6-35b-a3b,llm,LLMFQuADRetrieval,Retrieval,0.95
qwen3.6-35b-a3b,llm,LLMHC3FinanceRetrieval,Retrieval,0.55
qwen3.6-35b-a3b,llm,LLMLegalBenchConsumerContractsQA,Retrieval,0.86
qwen3.6-35b-a3b,llm,LLMPublicHealthQA,Retrieval,0.83
qwen3.6-35b-a3b,llm,LLMTwitterHjerneRetrieval,Retrieval,0.305195
qwen3.6-35b-a3b,llm,LLMLegalBenchPC,PairClassification,0.694
qwen3.6-35b-a3b,llm,LLMMTOPDomainClassification,Classification,0.9675
qwen3.6-35b-a3b,llm,LLMMassiveIntentClassification,Classification,0.798
qwen3.6-35b-a3b,llm,LLMMassiveScenarioClassification,Classification,0.76625
qwen3.6-35b-a3b,llm,LLMMedrxivClusteringP2PV2,Clustering,0.494304
qwen3.6-35b-a3b,llm,LLMMedrxivClusteringS2SV2,Clustering,0.461829
qwen3.6-35b-a3b,llm,LLMRTE3PC,PairClassification,0.935551
qwen3.6-35b-a3b,llm,LLMRedditClusteringP2P,Clustering,0.691639
qwen3.6-35b-a3b,llm,LLMSICKR,STS,0.75543
qwen3.6-35b-a3b,llm,LLMSTS12,STS,0.750964
qwen3.6-35b-a3b,llm,LLMSTS13,STS,0.896193
qwen3.6-35b-a3b,llm,LLMSTS14,STS,0.850875
qwen3.6-35b-a3b,llm,LLMSTS15,STS,0.913525
qwen3.6-35b-a3b,llm,LLMSTS16,STS,0.851317
qwen3.6-35b-a3b,llm,LLMSTS17,STS,0.926598
qwen3.6-35b-a3b,llm,LLMSTS22v2,STS,0.733838
qwen3.6-35b-a3b,llm,LLMSTSBenchmark,STS,0.877526
qwen3.6-35b-a3b,llm,LLMSprintDuplicateQuestionsPC,PairClassification,0.852
qwen3.6-35b-a3b,llm,LLMStackExchangeClusteringV2,Clustering,0.726573
qwen3.6-35b-a3b,llm,LLMStackExchangeClusteringP2PV2,Clustering,0.422465
qwen3.6-35b-a3b,llm,LLMToxicConversationsClassification,Classification,0.91
qwen3.6-35b-a3b,llm,LLMTweetSentimentExtractionClassification,Classification,0.624
qwen3.6-35b-a3b,llm,LLMTwentyNewsgroupsClusteringV2,Clustering,0.557088
qwen3.6-35b-a3b,llm,LLMTwitterURLCorpusPC,PairClassification,0.834
zai-org__GLM-4.7-FP8,llm,LLMAmazonCounterfactualClassification,Classification,0.898507
zai-org__GLM-4.7-FP8,llm,LLMBanking77Classification,Classification,0.329324
zai-org__GLM-4.7-FP8,llm,LLMImdbClassification,Classification,0.97
zai-org__GLM-4.7-FP8,llm,LLMMTOPDomainClassification,Classification,0.96875
zai-org__GLM-4.7-FP8,llm,LLMToxicConversationsClassification,Classification,0.868
zai-org__GLM-4.7-FP8,llm,LLMTweetSentimentExtractionClassification,Classification,0.61
